Source,Target,Type,Id,Label,timeset,Weight,0
ADDAM_MARBRAND,KEVAN,Directed,0,,,1,3
ADDAM_MARBRAND,LEO_LEFFORD,Directed,1,,,1,3
ADDAM_MARBRAND,TYWIN,Directed,2,,,1,2
KEVAN,ARYA,Directed,3,,,1,2
KEVAN,BRONN,Directed,4,,,1,2
KEVAN,CERSEI,Directed,5,,,1,18
KEVAN,HIGH_SPARROW,Directed,6,,,1,3
KEVAN,JAIME,Directed,7,,,1,12
KEVAN,LEO_LEFFORD,Directed,8,,,1,2
KEVAN,SHAGGA,Directed,9,,,1,2
KEVAN,TYRION,Directed,10,,,1,14
KEVAN,TYWIN,Directed,11,,,1,2
KEVAN,STANNIS,Directed,12,,,1,2
KEVAN,TOMMEN,Directed,13,,,1,7
KEVAN,LANCEL,Directed,14,,,1,3
KEVAN,PYCELLE,Directed,15,,,1,5
KEVAN,QYBURN,Directed,16,,,1,2
KEVAN,OLENNA,Directed,17,,,1,7
KEVAN,MARGAERY,Directed,18,,,1,4
KEVAN,LORAS,Directed,19,,,1,3
KEVAN,MACE,Directed,20,,,1,3
LEO_LEFFORD,TYRION,Directed,21,,,1,2
TYWIN,AERYS,Directed,22,,,1,2
TYWIN,AMORY,Directed,23,,,1,14
TYWIN,ARYA,Directed,24,,,1,103
TYWIN,BAELOR,Directed,25,,,1,3
TYWIN,BOBONO,Directed,26,,,1,4
TYWIN,BRONN,Directed,27,,,1,2
TYWIN,CATELYN,Directed,28,,,1,2
TYWIN,CERSEI,Directed,29,,,1,3
TYWIN,DAENERYS,Directed,30,,,1,2
TYWIN,EDMURE,Directed,31,,,1,2
TYWIN,ELIA,Directed,32,,,1,4
TYWIN,ELLARIA,Directed,33,,,1,9
TYWIN,FOOL,Directed,34,,,1,2
TYWIN,GENDRY,Directed,35,,,1,2
TYWIN,GREATJON_UMBER,Directed,36,,,1,3
TYWIN,HARREN,Directed,37,,,1,2
TYWIN,HIGH_SEPTON,Directed,38,,,1,2
TYWIN,IZEMBARO,Directed,39,,,1,3
TYWIN,JAIME,Directed,40,,,1,2
TYWIN,JAQEN,Directed,41,,,1,3
TYWIN,JOANNA,Directed,42,,,1,2
TYWIN,JOFFREY,Directed,43,,,1,5
TYWIN,LADY_CRANE,Directed,44,,,1,2
TYWIN,LITTLEFINGER,Directed,45,,,1,2
TYWIN,LOCKE,Directed,46,,,1,4
TYWIN,LORAS,Directed,47,,,1,2
TYWIN,LYSA,Directed,48,,,1,2
TYWIN,MACE,Directed,49,,,1,21
TYWIN,MARGAERY,Directed,50,,,1,6
TYWIN,MERYN_TRANT,Directed,51,,,1,4
TYWIN,MOUNTAIN,Directed,52,,,1,6
TYWIN,NED,Directed,53,,,1,2
TYWIN,OBERYN,Directed,54,,,1,79
TYWIN,OLENNA,Directed,55,,,1,14
TYWIN,ORYS,Directed,56,,,1,2
TYWIN,ORYS_BROTHER,Directed,57,,,1,2
TYWIN,PODRICK,Directed,58,,,1,3
TYWIN,POLLIVER,Directed,59,,,1,2
TYWIN,PYCELLE,Directed,60,,,1,16
TYWIN,QYBURN,Directed,61,,,1,2
TYWIN,REGINALD,Directed,62,,,1,8
TYWIN,RENLY,Directed,63,,,1,2
TYWIN,ROBB,Directed,64,,,1,9
TYWIN,ROBERT,Directed,65,,,1,2
TYWIN,RODRIK,Directed,66,,,1,2
TYWIN,ROOSE_BOLTON,Directed,67,,,1,4
TYWIN,SANSA,Directed,68,,,1,2
TYWIN,SHAE,Directed,69,,,1,3
TYWIN,SHAGGA,Directed,70,,,1,6
TYWIN,STANNIS,Directed,71,,,1,2
TYWIN,STEELSHANKS_WALTON,Directed,72,,,1,2
TYWIN,TOMMEN,Directed,73,,,1,2
TYWIN,TYCHO,Directed,74,,,1,3
TYWIN,TYRION,Directed,75,,,1,5
TYWIN,VARYS,Directed,76,,,1,18
TYWIN,WALDER,Directed,77,,,1,2
ADRACK_HUMBLE,THEON,Directed,78,,,1,4
ADRACK_HUMBLE,RALF,Directed,79,,,1,2
THEON,AERON,Directed,80,,,1,4
THEON,ALYS,Directed,81,,,1,4
THEON,ARYA,Directed,82,,,1,4
THEON,BALON,Directed,83,,,1,4
THEON,BERIC,Directed,84,,,1,3
THEON,BLACK_LORREN,Directed,85,,,1,21
THEON,BRAN,Directed,86,,,1,27
THEON,BRIENNE,Directed,87,,,1,2
THEON,BRONN,Directed,88,,,1,2
THEON,CAPTAINS_DAUGHTER,Directed,89,,,1,17
THEON,CATELYN,Directed,90,,,1,16
THEON,CERSEI,Directed,91,,,1,4
THEON,DAENERYS,Directed,92,,,1,11
THEON,DAGMER,Directed,93,,,1,48
THEON,DAVOS,Directed,94,,,1,3
THEON,DROWNED_PRIEST,Directed,95,,,1,5
THEON,ELLARIA,Directed,96,,,1,8
THEON,EURON,Directed,97,,,1,2
THEON,FARLEN,Directed,98,,,1,3
THEON,FIRST_MATE,Directed,99,,,1,5
THEON,GREATJON_UMBER,Directed,100,,,1,11
THEON,GREY_WORM,Directed,101,,,1,3
THEON,HARRAG,Directed,102,,,1,24
THEON,HODOR,Directed,103,,,1,5
THEON,HOUND,Directed,104,,,1,4
THEON,JAIME,Directed,105,,,1,2
THEON,JON,Directed,106,,,1,4
THEON,JORAH,Directed,107,,,1,3
THEON,JORY_CASSEL,Directed,108,,,1,2
THEON,LITTLEFINGER,Directed,109,,,1,4
THEON,LYANNA_MORMONT,Directed,110,,,1,4
THEON,MAESTER_LUWIN,Directed,111,,,1,48
THEON,MERYN_TRANT,Directed,112,,,1,2
THEON,MISSANDEI,Directed,113,,,1,10
THEON,MOUNTAIN,Directed,114,,,1,3
THEON,MYRANDA,Directed,115,,,1,13
THEON,NED,Directed,116,,,1,2
THEON,NIGHT_KING,Directed,117,,,1,8
THEON,NYMERIA,Directed,118,,,1,2
THEON,OBARA,Directed,119,,,1,2
THEON,OLD_NAN,Directed,120,,,1,2
THEON,OLENNA,Directed,121,,,1,2
THEON,OSHA,Directed,122,,,1,36
THEON,PODRICK,Directed,123,,,1,2
THEON,QHONO,Directed,124,,,1,2
THEON,QYBURN,Directed,125,,,1,2
THEON,RALF,Directed,126,,,1,18
THEON,RAMSAY,Directed,127,,,1,58
THEON,RICKARD_KARSTARK,Directed,128,,,1,2
THEON,RICKON,Directed,129,,,1,5
THEON,ROBB,Directed,130,,,1,2
THEON,ROBERT,Directed,131,,,1,2
THEON,RODRIK,Directed,132,,,1,23
THEON,ROOSE_BOLTON,Directed,133,,,1,8
THEON,ROS,Directed,134,,,1,40
THEON,SAM,Directed,135,,,1,4
THEON,SANSA,Directed,136,,,1,11
THEON,TANSY,Directed,137,,,1,6
THEON,TYRION,Directed,138,,,1,5
THEON,WALDER,Directed,139,,,1,3
THEON,WILL,Directed,140,,,1,2
THEON,TORRHEN,Directed,141,,,1,2
THEON,VARYS,Directed,142,,,1,3
THEON,WINTERFELL_SHEPHERD,Directed,143,,,1,7
THEON,YARA,Directed,144,,,1,8
THEON,TORTURER,Directed,145,,,1,19
THEON,VIOLET,Directed,146,,,1,12
THEON,WALDA,Directed,147,,,1,4
THEON,TYENE,Directed,148,,,1,3
THEON,TORMUND,Directed,149,,,1,3
THEON,MAESTER_WOLKAN,Directed,150,,,1,2
THEON,YOHN_ROYCE,Directed,151,,,1,2
RALF,ROOSE_BOLTON,Directed,152,,,1,2
AEGON,AERYS,Directed,153,,,1,2
AEGON,MAESTER_AEMON,Directed,154,,,1,3
AEGON,ARYA,Directed,155,,,1,2
AEGON,DAVOS,Directed,156,,,1,2
AEGON,SHIREEN,Directed,157,,,1,2
AEGON,RHAENYRA,Directed,158,,,1,2
AEGON,DAENERYS,Directed,159,,,1,2
AERYS,BARRISTAN,Directed,160,,,1,2
AERYS,CATELYN,Directed,161,,,1,2
AERYS,JAIME,Directed,162,,,1,4
AERYS,JORAH,Directed,163,,,1,2
AERYS,MAESTER_AEMON,Directed,164,,,1,2
AERYS,NED,Directed,165,,,1,2
AERYS,RENLY,Directed,166,,,1,2
AERYS,RHAEGAR,Directed,167,,,1,3
AERYS,RICKARD_STARK,Directed,168,,,1,4
AERYS,ROBERT,Directed,169,,,1,4
AERYS,SANSA,Directed,170,,,1,2
AERYS,SEPTA_MORDANE,Directed,171,,,1,2
AERYS,PYCELLE,Directed,172,,,1,2
AERYS,JOFFREY,Directed,173,,,1,2
AERYS,TYRION,Directed,174,,,1,4
AERYS,CERSEI,Directed,175,,,1,5
AERYS,DAENERYS,Directed,176,,,1,2
AERYS,JON,Directed,177,,,1,2
AERYS,VARYS,Directed,178,,,1,3
AERYS,OLENNA,Directed,179,,,1,2
MAESTER_AEMON,ALLISER_THORNE,Directed,180,,,1,4
MAESTER_AEMON,DAREON,Directed,181,,,1,2
MAESTER_AEMON,DAVOS,Directed,182,,,1,2
MAESTER_AEMON,EDDISON_TOLLETT,Directed,183,,,1,2
MAESTER_AEMON,GILLY,Directed,184,,,1,4
MAESTER_AEMON,GRENN,Directed,185,,,1,2
MAESTER_AEMON,JANOS,Directed,186,,,1,4
MAESTER_AEMON,JEOR,Directed,187,,,1,9
MAESTER_AEMON,JON,Directed,188,,,1,18
MAESTER_AEMON,PYP,Directed,189,,,1,2
MAESTER_AEMON,SAM,Directed,190,,,1,2
MAESTER_AEMON,TYRION,Directed,191,,,1,7
MAESTER_AEMON,MELISANDRE,Directed,192,,,1,2
MAESTER_AEMON,OLLY,Directed,193,,,1,2
MAESTER_AEMON,SELYSE,Directed,194,,,1,2
MAESTER_AEMON,SHIREEN,Directed,195,,,1,2
MAESTER_AEMON,STANNIS,Directed,196,,,1,2
ARYA,ALYS,Directed,197,,,1,3
ARYA,AMORY,Directed,198,,,1,16
ARYA,ANGUY,Directed,199,,,1,26
ARYA,BAELOR,Directed,200,,,1,5
ARYA,BRAN,Directed,201,,,1,21
ARYA,CATELYN,Directed,202,,,1,5
ARYA,CERSEI,Directed,203,,,1,5
ARYA,GENDRY,Directed,204,,,1,70
ARYA,HOT_PIE,Directed,205,,,1,33
ARYA,HOUND,Directed,206,,,1,63
ARYA,ILLYRIO,Directed,207,,,1,2
ARYA,ILYN_PAYNE,Directed,208,,,1,2
ARYA,JAIME,Directed,209,,,1,3
ARYA,JOFFREY,Directed,210,,,1,6
ARYA,JON,Directed,211,,,1,70
ARYA,JORY_CASSEL,Directed,212,,,1,7
ARYA,LITTLEFINGER,Directed,213,,,1,24
ARYA,LOMMY_GREENHANDS,Directed,214,,,1,2
ARYA,MERYN_TRANT,Directed,215,,,1,16
ARYA,MYCAH,Directed,216,,,1,2
ARYA,NED,Directed,217,,,1,8
ARYA,PYCELLE,Directed,218,,,1,3
ARYA,ROBB,Directed,219,,,1,3
ARYA,ROBERT,Directed,220,,,1,3
ARYA,SANSA,Directed,221,,,1,52
ARYA,SEPTA_MORDANE,Directed,222,,,1,11
ARYA,STABLE_BOY,Directed,223,,,1,7
ARYA,SYRIO_FOREL,Directed,224,,,1,2
ARYA,TYRION,Directed,225,,,1,11
ARYA,VARYS,Directed,226,,,1,7
ARYA,YOREN,Directed,227,,,1,20
ARYA,BITER,Directed,228,,,1,8
ARYA,JAQEN,Directed,229,,,1,83
ARYA,LOMMY,Directed,230,,,1,2
ARYA,MOUNTAIN,Directed,231,,,1,2
ARYA,POLLIVER,Directed,232,,,1,19
ARYA,REGINALD,Directed,233,,,1,2
ARYA,RHAENYS,Directed,234,,,1,2
ARYA,RORGE,Directed,235,,,1,4
ARYA,TICKLER,Directed,236,,,1,5
ARYA,VISENYA,Directed,237,,,1,3
ARYA,THOROS,Directed,238,,,1,63
ARYA,BERIC,Directed,239,,,1,18
ARYA,MELISANDRE,Directed,240,,,1,13
ARYA,ROOSE_BOLTON,Directed,241,,,1,2
ARYA,BRIENNE,Directed,242,,,1,6
ARYA,TERNESIO_TERYS,Directed,243,,,1,17
ARYA,FARMER_HAMLET,Directed,244,,,1,13
ARYA,DYING_MAN,Directed,245,,,1,10
ARYA,SALLY,Directed,246,,,1,6
ARYA,PODRICK,Directed,247,,,1,2
ARYA,DONNEL_WAYNWOOD,Directed,248,,,1,2
ARYA,INNKEEPER,Directed,249,,,1,2
ARYA,INNKEEPERS_DAUGHTER,Directed,250,,,1,2
ARYA,LYSA,Directed,251,,,1,2
ARYA,TOMMY,Directed,252,,,1,2
ARYA,WAIF,Directed,253,,,1,48
ARYA,THIN_MAN,Directed,254,,,1,13
ARYA,MACE,Directed,255,,,1,4
ARYA,TYCHO,Directed,256,,,1,3
ARYA,MADAME,Directed,257,,,1,2
ARYA,WALDER,Directed,258,,,1,2
ARYA,LADY_CRANE,Directed,259,,,1,64
ARYA,BIANCA,Directed,260,,,1,10
ARYA,IZEMBARO,Directed,261,,,1,9
ARYA,CLARENZO,Directed,262,,,1,6
ARYA,BOBONO,Directed,263,,,1,5
ARYA,CAMELLO,Directed,264,,,1,5
ARYA,RICKON,Directed,265,,,1,2
ARYA,YOHN_ROYCE,Directed,266,,,1,4
ARYA,MAESTER_WOLKAN,Directed,267,,,1,4
ARYA,ROBETT,Directed,268,,,1,4
ARYA,LYANNA_MORMONT,Directed,269,,,1,4
ARYA,DAVOS,Directed,270,,,1,22
ARYA,NORA,Directed,271,,,1,22
ARYA,DAENERYS,Directed,272,,,1,21
ARYA,VICKY,Directed,273,,,1,14
ARYA,GREY_WORM,Directed,274,,,1,13
ARYA,SAM,Directed,275,,,1,10
ARYA,TORMUND,Directed,276,,,1,7
ARYA,JORAH,Directed,277,,,1,5
ARYA,MISSANDEI,Directed,278,,,1,5
ARYA,OWEN,Directed,279,,,1,4
ARYA,QHONO,Directed,280,,,1,4
ARYA,NIGHT_KING,Directed,281,,,1,3
ARYA,YARA,Directed,282,,,1,3
ARYA,DORNISH_PRINCE,Directed,283,,,1,2
ARYA,EDDISON_TOLLETT,Directed,284,,,1,2
ARYA,EDMURE,Directed,285,,,1,2
ARYA,IRONBORN_LORD,Directed,286,,,1,2
ARYA,RIVERLANDS_LORD,Directed,287,,,1,2
ARYA,ROBIN,Directed,288,,,1,2
ARYA,VALE_LORD,Directed,289,,,1,2
DAVOS,ALLISER_THORNE,Directed,290,,,1,22
DAVOS,ALYS,Directed,291,,,1,6
DAVOS,AXELL_FLORENT,Directed,292,,,1,2
DAVOS,BALERION,Directed,293,,,1,2
DAVOS,BERIC,Directed,294,,,1,4
DAVOS,BOWEN_MARSH,Directed,295,,,1,4
DAVOS,BRAN,Directed,296,,,1,9
DAVOS,BRIENNE,Directed,297,,,1,18
DAVOS,BRONN,Directed,298,,,1,10
DAVOS,CATELYN,Directed,299,,,1,2
DAVOS,CERSEI,Directed,300,,,1,4
DAVOS,CRESSEN,Directed,301,,,1,16
DAVOS,DAENERYS,Directed,302,,,1,17
DAVOS,FATHER_SEAWORTH,Directed,303,,,1,2
DAVOS,JOFFREY,Directed,304,,,1,2
DAVOS,LORAS,Directed,305,,,1,2
DAVOS,MARYA,Directed,306,,,1,2
DAVOS,MATTHOS,Directed,307,,,1,2
DAVOS,MELISANDRE,Directed,308,,,1,10
DAVOS,RENLY,Directed,309,,,1,12
DAVOS,ROBB,Directed,310,,,1,2
DAVOS,ROBERT,Directed,311,,,1,3
DAVOS,SALLADHOR,Directed,312,,,1,14
DAVOS,STANNIS,Directed,313,,,1,9
DAVOS,GENDRY,Directed,314,,,1,6
DAVOS,SHIREEN,Directed,315,,,1,3
DAVOS,RYLENE,Directed,316,,,1,2
DAVOS,TYCHO,Directed,317,,,1,18
DAVOS,JON,Directed,318,,,1,47
DAVOS,MANCE,Directed,319,,,1,6
DAVOS,SELYSE,Directed,320,,,1,9
DAVOS,EDDISON_TOLLETT,Directed,321,,,1,2
DAVOS,GRENN,Directed,322,,,1,2
DAVOS,SAM,Directed,323,,,1,14
DAVOS,OLLY,Directed,324,,,1,4
DAVOS,TORMUND,Directed,325,,,1,19
DAVOS,SANSA,Directed,326,,,1,17
DAVOS,LYANNA_MORMONT,Directed,327,,,1,4
DAVOS,WUN_WUN,Directed,328,,,1,9
DAVOS,RAMSAY,Directed,329,,,1,8
DAVOS,SMALLJON,Directed,330,,,1,6
DAVOS,LITTLEFINGER,Directed,331,,,1,4
DAVOS,MAESTER_MORMONT,Directed,332,,,1,4
DAVOS,GLOVER,Directed,333,,,1,3
DAVOS,HARALD,Directed,334,,,1,3
DAVOS,DIM_DALBA,Directed,335,,,1,2
DAVOS,OTHELL_YARWYCK,Directed,336,,,1,2
DAVOS,RICKON,Directed,337,,,1,2
DAVOS,ROBETT,Directed,338,,,1,2
DAVOS,TYRION,Directed,339,,,1,72
DAVOS,MISSANDEI,Directed,340,,,1,4
DAVOS,JORAH,Directed,341,,,1,4
DAVOS,VARYS,Directed,342,,,1,14
DAVOS,HOUND,Directed,343,,,1,3
DAVOS,PODRICK,Directed,344,,,1,9
DAVOS,EURON,Directed,345,,,1,3
DAVOS,JAIME,Directed,346,,,1,10
DAVOS,NIGHT_KING,Directed,347,,,1,3
DAVOS,GREY_WORM,Directed,348,,,1,27
DAVOS,MOUNTAIN,Directed,349,,,1,2
DAVOS,QYBURN,Directed,350,,,1,2
DAVOS,YOHN_ROYCE,Directed,351,,,1,6
DAVOS,GILLY,Directed,352,,,1,6
DAVOS,MAESTER_WOLKAN,Directed,353,,,1,6
DAVOS,QHONO,Directed,354,,,1,4
DAVOS,TEELA,Directed,355,,,1,4
DAVOS,DORNISH_PRINCE,Directed,356,,,1,2
DAVOS,EDMURE,Directed,357,,,1,2
DAVOS,HARRY,Directed,358,,,1,2
DAVOS,IRONBORN_LORD,Directed,359,,,1,2
DAVOS,RIVERLANDS_LORD,Directed,360,,,1,2
DAVOS,ROBIN,Directed,361,,,1,2
DAVOS,VALE_LORD,Directed,362,,,1,2
DAVOS,YARA,Directed,363,,,1,2
SHIREEN,BERT,Directed,364,,,1,2
SHIREEN,EDDISON_TOLLETT,Directed,365,,,1,2
SHIREEN,GILLY,Directed,366,,,1,18
SHIREEN,GRENN,Directed,367,,,1,2
SHIREEN,JON,Directed,368,,,1,2
SHIREEN,MARWYN,Directed,369,,,1,2
SHIREEN,MELISANDRE,Directed,370,,,1,9
SHIREEN,SAM,Directed,371,,,1,4
SHIREEN,SELYSE,Directed,372,,,1,20
SHIREEN,STANNIS,Directed,373,,,1,47
DAENERYS,ALYS,Directed,374,,,1,5
DAENERYS,BARRISTAN,Directed,375,,,1,38
DAENERYS,BELICHO,Directed,376,,,1,2
DAENERYS,BERIC,Directed,377,,,1,4
DAENERYS,BRAN,Directed,378,,,1,16
DAENERYS,BRIENNE,Directed,379,,,1,11
DAENERYS,BRONN,Directed,380,,,1,2
DAENERYS,CATELYN,Directed,381,,,1,2
DAENERYS,CERSEI,Directed,382,,,1,36
DAENERYS,DAARIO,Directed,383,,,1,54
DAENERYS,DOREAH,Directed,384,,,1,20
DAENERYS,DROGO,Directed,385,,,1,2
DAENERYS,ILLYRIO,Directed,386,,,1,10
DAENERYS,IRRI,Directed,387,,,1,15
DAENERYS,JHIQUI,Directed,388,,,1,2
DAENERYS,JORAH,Directed,389,,,1,51
DAENERYS,MAGO,Directed,390,,,1,8
DAENERYS,MIRRI_MAZ_DUUR,Directed,391,,,1,45
DAENERYS,NED,Directed,392,,,1,3
DAENERYS,QOTHO,Directed,393,,,1,28
DAENERYS,RAKHARO,Directed,394,,,1,12
DAENERYS,RHAEGO,Directed,395,,,1,4
DAENERYS,ROBERT,Directed,396,,,1,2
DAENERYS,SANSA,Directed,397,,,1,71
DAENERYS,VARYS,Directed,398,,,1,44
DAENERYS,VISERYS,Directed,399,,,1,4
DAENERYS,WINE_MERCHANT,Directed,400,,,1,19
DAENERYS,KOVARRO,Directed,401,,,1,31
DAENERYS,MALAKKO,Directed,402,,,1,3
DAENERYS,PYATT_PREE,Directed,403,,,1,23
DAENERYS,QUAITHE,Directed,404,,,1,4
DAENERYS,SILK_KING,Directed,405,,,1,4
DAENERYS,SPICE_KING,Directed,406,,,1,58
DAENERYS,XARO,Directed,407,,,1,80
DAENERYS,MISSANDEI,Directed,408,,,1,23
DAENERYS,KRAZNYS_MO_NAKLOZ,Directed,409,,,1,23
DAENERYS,RADZAI_MO_ERAZ,Directed,410,,,1,19
DAENERYS,MERO,Directed,411,,,1,16
DAENERYS,GREY_WORM,Directed,412,,,1,37
DAENERYS,PRENDAHL,Directed,413,,,1,8
DAENERYS,GREIZHEN,Directed,414,,,1,3
DAENERYS,HIZDAHR,Directed,415,,,1,69
DAENERYS,FENNESZ,Directed,416,,,1,15
DAENERYS,MEEREEN_CHAMPION,Directed,417,,,1,7
DAENERYS,GOATHERD,Directed,418,,,1,5
DAENERYS,HIZDAHRS_FATHER,Directed,419,,,1,4
DAENERYS,MANSERVANT,Directed,420,,,1,3
DAENERYS,MASTER_MIGHDAL,Directed,421,,,1,2
DAENERYS,RHAEGAR,Directed,422,,,1,2
DAENERYS,TYRION,Directed,423,,,1,122
DAENERYS,MOSSADOR,Directed,424,,,1,28
DAENERYS,OWNER,Directed,425,,,1,5
DAENERYS,QUICK,Directed,426,,,1,2
DAENERYS,STRONG,Directed,427,,,1,2
DAENERYS,KHAL_MORO,Directed,428,,,1,34
DAENERYS,YARA,Directed,429,,,1,3
DAENERYS,LHAZAREEN_WOMAN,Directed,430,,,1,15
DAENERYS,DOSH_KHALEEN_LEADER,Directed,431,,,1,8
DAENERYS,RAZDAL,Directed,432,,,1,6
DAENERYS,KINVARA,Directed,433,,,1,5
DAENERYS,YEZZAN,Directed,434,,,1,4
DAENERYS,RED_PRIEST,Directed,435,,,1,3
DAENERYS,VALA,Directed,436,,,1,2
DAENERYS,JON,Directed,437,,,1,194
DAENERYS,JAIME,Directed,438,,,1,23
DAENERYS,OLENNA,Directed,439,,,1,16
DAENERYS,RANDYLL,Directed,440,,,1,3
DAENERYS,MELISANDRE,Directed,441,,,1,13
DAENERYS,DICKON,Directed,442,,,1,2
DAENERYS,NIGHT_KING,Directed,443,,,1,10
DAENERYS,EURON,Directed,444,,,1,10
DAENERYS,HOUND,Directed,445,,,1,7
DAENERYS,TORMUND,Directed,446,,,1,16
DAENERYS,ELLARIA,Directed,447,,,1,3
DAENERYS,GENDRY,Directed,448,,,1,21
DAENERYS,LITTLEFINGER,Directed,449,,,1,2
DAENERYS,MOUNTAIN,Directed,450,,,1,4
DAENERYS,QYBURN,Directed,451,,,1,4
DAENERYS,SAM,Directed,452,,,1,26
DAENERYS,MAESTER_WOLKAN,Directed,453,,,1,10
DAENERYS,LYANNA_MORMONT,Directed,454,,,1,7
DAENERYS,YOHN_ROYCE,Directed,455,,,1,6
DAENERYS,PODRICK,Directed,456,,,1,4
DAENERYS,QHONO,Directed,457,,,1,4
DAENERYS,EDDISON_TOLLETT,Directed,458,,,1,2
DAENERYS,LYANNA,Directed,459,,,1,2
DAENERYS,NED_UMBER,Directed,460,,,1,2
AERON,YARA,Directed,461,,,1,9
AERON,EURON,Directed,462,,,1,8
AERON,BALON,Directed,463,,,1,4
YARA,BALON,Directed,464,,,1,23
YARA,BOLTON_GUARD,Directed,465,,,1,7
YARA,BRAN,Directed,466,,,1,2
YARA,BRIENNE,Directed,467,,,1,2
YARA,CERSEI,Directed,468,,,1,2
YARA,DAGMER,Directed,469,,,1,2
YARA,DORNISH_PRINCE,Directed,470,,,1,4
YARA,EDMURE,Directed,471,,,1,2
YARA,ELLARIA,Directed,472,,,1,25
YARA,EURON,Directed,473,,,1,8
YARA,FIRST_MATE,Directed,474,,,1,6
YARA,GENDRY,Directed,475,,,1,2
YARA,GREY_WORM,Directed,476,,,1,3
YARA,HARRAG,Directed,477,,,1,3
YARA,IRONBORN_LORD,Directed,478,,,1,3
YARA,MAESTER_WOLKAN,Directed,479,,,1,2
YARA,MISSANDEI,Directed,480,,,1,2
YARA,MYRANDA,Directed,481,,,1,4
YARA,NED,Directed,482,,,1,3
YARA,NYMERIA,Directed,483,,,1,4
YARA,OBARA,Directed,484,,,1,4
YARA,OLENNA,Directed,485,,,1,2
YARA,RAMSAY,Directed,486,,,1,7
YARA,RIVERLANDS_LORD,Directed,487,,,1,2
YARA,ROBB,Directed,488,,,1,4
YARA,ROBIN,Directed,489,,,1,2
YARA,SAM,Directed,490,,,1,2
YARA,SANSA,Directed,491,,,1,4
YARA,TYENE,Directed,492,,,1,6
YARA,TYRION,Directed,493,,,1,2
YARA,VALE_LORD,Directed,494,,,1,2
YARA,VARYS,Directed,495,,,1,2
YARA,YOHN_ROYCE,Directed,496,,,1,2
EURON,BALON,Directed,497,,,1,17
EURON,BRIENNE,Directed,498,,,1,2
EURON,CERSEI,Directed,499,,,1,40
EURON,ELLARIA,Directed,500,,,1,5
EURON,JAIME,Directed,501,,,1,17
EURON,MOUNTAIN,Directed,502,,,1,6
EURON,TYRION,Directed,503,,,1,4
EURON,TYENE,Directed,504,,,1,6
EURON,JON,Directed,505,,,1,5
EURON,NYMERIA,Directed,506,,,1,4
EURON,OBARA,Directed,507,,,1,4
EURON,QYBURN,Directed,508,,,1,6
EURON,HOUND,Directed,509,,,1,2
EURON,HARRY,Directed,510,,,1,4
EURON,MISSANDEI,Directed,511,,,1,4
EURON,GREY_WORM,Directed,512,,,1,2
EURON,VARYS,Directed,513,,,1,2
BALON,TYRION,Directed,514,,,1,2
BALON,CATELYN,Directed,515,,,1,2
BALON,NED,Directed,516,,,1,5
BALON,ROBB,Directed,517,,,1,2
BALON,RAMSAY,Directed,518,,,1,4
BALON,ROOSE_BOLTON,Directed,519,,,1,2
BARRISTAN,CERSEI,Directed,520,,,1,2
BARRISTAN,JAIME,Directed,521,,,1,4
BARRISTAN,JOFFREY,Directed,522,,,1,2
BARRISTAN,LANCEL,Directed,523,,,1,3
BARRISTAN,LITTLEFINGER,Directed,524,,,1,4
BARRISTAN,NED,Directed,525,,,1,25
BARRISTAN,PYCELLE,Directed,526,,,1,4
BARRISTAN,RENLY,Directed,527,,,1,3
BARRISTAN,ROBERT,Directed,528,,,1,5
BARRISTAN,VARYS,Directed,529,,,1,2
BARRISTAN,JORAH,Directed,530,,,1,34
BARRISTAN,MISSANDEI,Directed,531,,,1,13
BARRISTAN,DAARIO,Directed,532,,,1,7
BARRISTAN,GREY_WORM,Directed,533,,,1,3
BARRISTAN,KRAZNYS_MO_NAKLOZ,Directed,534,,,1,2
BARRISTAN,RADZAI_MO_ERAZ,Directed,535,,,1,2
BARRISTAN,GOATHERD,Directed,536,,,1,2
BARRISTAN,MOSSADOR,Directed,537,,,1,4
BARRISTAN,RHAEGAR,Directed,538,,,1,3
BARRISTAN,HIZDAHR,Directed,539,,,1,2
CATELYN,ASSASSIN,Directed,540,,,1,3
CATELYN,BENJEN,Directed,541,,,1,2
CATELYN,BLACK_WALDER,Directed,542,,,1,3
CATELYN,BRAN,Directed,543,,,1,14
CATELYN,BRANDON_STARK,Directed,544,,,1,3
CATELYN,BRIENNE,Directed,545,,,1,2
CATELYN,BRONN,Directed,546,,,1,7
CATELYN,BRYNDEN,Directed,547,,,1,27
CATELYN,CERSEI,Directed,548,,,1,4
CATELYN,GREATJON_UMBER,Directed,549,,,1,11
CATELYN,HOSTER,Directed,550,,,1,3
CATELYN,HOUND,Directed,551,,,1,2
CATELYN,JAIME,Directed,552,,,1,6
CATELYN,JOFFREY,Directed,553,,,1,2
CATELYN,JON_ARRYN,Directed,554,,,1,2
CATELYN,JON,Directed,555,,,1,2
CATELYN,LITTLEFINGER,Directed,556,,,1,4
CATELYN,LYSA,Directed,557,,,1,11
CATELYN,MAESTER_LUWIN,Directed,558,,,1,26
CATELYN,MARILLION,Directed,559,,,1,4
CATELYN,MASHA_HEDDLE,Directed,560,,,1,3
CATELYN,MORD,Directed,561,,,1,5
CATELYN,NED,Directed,562,,,1,3
CATELYN,ROBB,Directed,563,,,1,2
CATELYN,ROBERT,Directed,564,,,1,15
CATELYN,ROBIN,Directed,565,,,1,10
CATELYN,RODRIK,Directed,566,,,1,28
CATELYN,SANSA,Directed,567,,,1,3
CATELYN,STEVRON_FREY,Directed,568,,,1,2
CATELYN,TYRION,Directed,569,,,1,2
CATELYN,VARDIS_EGEN,Directed,570,,,1,13
CATELYN,VARYS,Directed,571,,,1,11
CATELYN,WALDER,Directed,572,,,1,19
CATELYN,YOREN,Directed,573,,,1,3
CATELYN,COLEN,Directed,574,,,1,4
CATELYN,JACKS,Directed,575,,,1,8
CATELYN,LORAS,Directed,576,,,1,9
CATELYN,MARGAERY,Directed,577,,,1,5
CATELYN,MELISANDRE,Directed,578,,,1,2
CATELYN,RENLY,Directed,579,,,1,30
CATELYN,RICKARD_KARSTARK,Directed,580,,,1,5
CATELYN,RICKON,Directed,581,,,1,2
CATELYN,ROOSE_BOLTON,Directed,582,,,1,13
CATELYN,STANNIS,Directed,583,,,1,13
CATELYN,TALISA,Directed,584,,,1,33
CATELYN,EDMURE,Directed,585,,,1,2
CATELYN,JOYEUSE,Directed,586,,,1,6
CATELYN,ROSLIN,Directed,587,,,1,4
CATELYN,LOTHAR,Directed,588,,,1,2
JAIME,ALTON,Directed,589,,,1,2
JAIME,ALYS,Directed,590,,,1,4
JAIME,AREO,Directed,591,,,1,18
JAIME,BERIC,Directed,592,,,1,9
JAIME,BLACK_WALDER,Directed,593,,,1,14
JAIME,BOROS,Directed,594,,,1,2
JAIME,BRAN,Directed,595,,,1,24
JAIME,BRIENNE,Directed,596,,,1,121
JAIME,BRONN,Directed,597,,,1,13
JAIME,BRYNDEN,Directed,598,,,1,35
JAIME,CERSEI,Directed,599,,,1,31
JAIME,CERSEIS_BABY,Directed,600,,,1,2
JAIME,DICKON,Directed,601,,,1,24
JAIME,DORAN,Directed,602,,,1,24
JAIME,DORNISH_RIDER,Directed,603,,,1,4
JAIME,EDDISON_TOLLETT,Directed,604,,,1,3
JAIME,EDMURE,Directed,605,,,1,31
JAIME,ELLARIA,Directed,606,,,1,2
JAIME,ENDREW,Directed,607,,,1,7
JAIME,GENDRY,Directed,608,,,1,13
JAIME,GREATJON_UMBER,Directed,609,,,1,3
JAIME,GREY_WORM,Directed,610,,,1,19
JAIME,HIGH_SEPTON,Directed,611,,,1,4
JAIME,HIGH_SPARROW,Directed,612,,,1,33
JAIME,HOUND,Directed,613,,,1,10
JAIME,JACKS,Directed,614,,,1,2
JAIME,JOFFREY,Directed,615,,,1,3
JAIME,JON_ARRYN,Directed,616,,,1,2
JAIME,JON,Directed,617,,,1,11
JAIME,JORY_CASSEL,Directed,618,,,1,27
JAIME,LITTLEFINGER,Directed,619,,,1,2
JAIME,NED,Directed,620,,,1,2
JAIME,RICKARD_STARK,Directed,621,,,1,2
JAIME,ROBB,Directed,622,,,1,2
JAIME,ROBERT,Directed,623,,,1,3
JAIME,ROS,Directed,624,,,1,4
JAIME,SANSA,Directed,625,,,1,14
JAIME,TYRION,Directed,626,,,1,122
JAIME,TYSHA,Directed,627,,,1,2
JAIME,MATTHOS,Directed,628,,,1,3
JAIME,RICKARD_KARSTARK,Directed,629,,,1,4
JAIME,STANNIS,Directed,630,,,1,3
JAIME,TORRHEN,Directed,631,,,1,3
JAIME,LOCKE,Directed,632,,,1,59
JAIME,QYBURN,Directed,633,,,1,2
JAIME,ROOSE_BOLTON,Directed,634,,,1,29
JAIME,STEELSHANKS_WALTON,Directed,635,,,1,14
JAIME,RENLY,Directed,636,,,1,6
JAIME,SELWYN,Directed,637,,,1,3
JAIME,LORAS,Directed,638,,,1,2
JAIME,PYCELLE,Directed,639,,,1,3
JAIME,PODRICK,Directed,640,,,1,28
JAIME,TOMMEN,Directed,641,,,1,3
JAIME,OBERYN,Directed,642,,,1,12
JAIME,MARGAERY,Directed,643,,,1,8
JAIME,MACE,Directed,644,,,1,8
JAIME,VARYS,Directed,645,,,1,7
JAIME,SHAE,Directed,646,,,1,5
JAIME,MERYN_TRANT,Directed,647,,,1,3
JAIME,OLENNA,Directed,648,,,1,37
JAIME,JOANNA,Directed,649,,,1,2
JAIME,MYRCELLA,Directed,650,,,1,4
JAIME,TRYSTANE,Directed,651,,,1,16
JAIME,TYENE,Directed,652,,,1,2
JAIME,LOLLYS,Directed,653,,,1,3
JAIME,OBARA,Directed,654,,,1,3
JAIME,NYMERIA,Directed,655,,,1,2
JAIME,WALDER,Directed,656,,,1,19
JAIME,LOTHAR,Directed,657,,,1,13
JAIME,SON_OF_EDMURE,Directed,658,,,1,4
JAIME,RANDYLL,Directed,659,,,1,33
JAIME,MOUNTAIN,Directed,660,,,1,23
JAIME,TORMUND,Directed,661,,,1,38
JAIME,SAM,Directed,662,,,1,19
JAIME,JORAH,Directed,663,,,1,14
JAIME,LYANNA_MORMONT,Directed,664,,,1,10
JAIME,QHONO,Directed,665,,,1,4
JAIME,YOHN_ROYCE,Directed,666,,,1,4
JAIME,MISSANDEI,Directed,667,,,1,3
JAIME,MAESTER_WOLKAN,Directed,668,,,1,2
JORAH,ALYS,Directed,669,,,1,5
JORAH,BERIC,Directed,670,,,1,13
JORAH,BRAN,Directed,671,,,1,6
JORAH,BRIENNE,Directed,672,,,1,13
JORAH,BRONN,Directed,673,,,1,2
JORAH,CERSEI,Directed,674,,,1,2
JORAH,DAARIO,Directed,675,,,1,60
JORAH,DOREAH,Directed,676,,,1,7
JORAH,DOSH_KHALEEN_LEADER,Directed,677,,,1,2
JORAH,DROGO,Directed,678,,,1,2
JORAH,EDDISON_TOLLETT,Directed,679,,,1,4
JORAH,GENDRY,Directed,680,,,1,8
JORAH,GOATHERD,Directed,681,,,1,2
JORAH,GREIZHEN,Directed,682,,,1,2
JORAH,GREY_WORM,Directed,683,,,1,11
JORAH,HIZDAHR,Directed,684,,,1,4
JORAH,HOUND,Directed,685,,,1,9
JORAH,ILLYRIO,Directed,686,,,1,2
JORAH,IRRI,Directed,687,,,1,2
JORAH,JEOR,Directed,688,,,1,4
JORAH,JON,Directed,689,,,1,11
JORAH,LITTLE_BIRD,Directed,690,,,1,2
JORAH,MIRRI_MAZ_DUUR,Directed,691,,,1,8
JORAH,NED,Directed,692,,,1,2
JORAH,QOTHO,Directed,693,,,1,5
JORAH,RAKHARO,Directed,694,,,1,30
JORAH,RHAEGO,Directed,695,,,1,3
JORAH,VARYS,Directed,696,,,1,9
JORAH,VISERYS,Directed,697,,,1,43
JORAH,WINE_MERCHANT,Directed,698,,,1,10
JORAH,KOVARRO,Directed,699,,,1,15
JORAH,MALAKKO,Directed,700,,,1,2
JORAH,PYATT_PREE,Directed,701,,,1,5
JORAH,QUAITHE,Directed,702,,,1,18
JORAH,SPICE_KING,Directed,703,,,1,3
JORAH,XARO,Directed,704,,,1,12
JORAH,MISSANDEI,Directed,705,,,1,4
JORAH,MERO,Directed,706,,,1,6
JORAH,KRAZNYS_MO_NAKLOZ,Directed,707,,,1,5
JORAH,ROBERT,Directed,708,,,1,5
JORAH,PRENDAHL,Directed,709,,,1,2
JORAH,MEEREEN_CHAMPION,Directed,710,,,1,2
JORAH,TYRION,Directed,711,,,1,10
JORAH,MALKO,Directed,712,,,1,12
JORAH,OWNER,Directed,713,,,1,4
JORAH,MOSSADOR,Directed,714,,,1,2
JORAH,LHAZAREEN_WOMAN,Directed,715,,,1,3
JORAH,KHAL_MORO,Directed,716,,,1,2
JORAH,SAM,Directed,717,,,1,26
JORAH,TORMUND,Directed,718,,,1,18
JORAH,THOROS,Directed,719,,,1,19
JORAH,MARWYN,Directed,720,,,1,16
JORAH,NIGHT_KING,Directed,721,,,1,4
JORAH,PODRICK,Directed,722,,,1,4
JORAH,WHITE_WALKER,Directed,723,,,1,2
JORAH,LYANNA_MORMONT,Directed,724,,,1,17
JORAH,MELISANDRE,Directed,725,,,1,11
JORAH,SANSA,Directed,726,,,1,10
JORAH,QHONO,Directed,727,,,1,4
JORAH,YOHN_ROYCE,Directed,728,,,1,4
NED,ARTHUR,Directed,729,,,1,12
NED,BAELOR,Directed,730,,,1,8
NED,BENJEN,Directed,731,,,1,10
NED,BERIC,Directed,732,,,1,2
NED,BIANCA,Directed,733,,,1,3
NED,BOBONO,Directed,734,,,1,3
NED,BRAN,Directed,735,,,1,4
NED,BRANDON_STARK,Directed,736,,,1,3
NED,BRIENNE,Directed,737,,,1,2
NED,CAMELLO,Directed,738,,,1,2
NED,CERSEI,Directed,739,,,1,5
NED,GENDRY,Directed,740,,,1,2
NED,GREATJON_UMBER,Directed,741,,,1,2
NED,HIGH_SEPTON,Directed,742,,,1,2
NED,HODOR,Directed,743,,,1,3
NED,HOUND,Directed,744,,,1,2
NED,HOWLAND,Directed,745,,,1,4
NED,HUGH_OF_THE_VALE,Directed,746,,,1,6
NED,ILYN_PAYNE,Directed,747,,,1,2
NED,IZEMBARO,Directed,748,,,1,3
NED,JANOS,Directed,749,,,1,13
NED,JEOR,Directed,750,,,1,3
NED,JOFFREY,Directed,751,,,1,5
NED,JOJEN,Directed,752,,,1,3
NED,JON,Directed,753,,,1,7
NED,JON_ARRYN,Directed,754,,,1,3
NED,JORY_CASSEL,Directed,755,,,1,44
NED,LANCEL,Directed,756,,,1,4
NED,LITTLEFINGER,Directed,757,,,1,4
NED,LORAS,Directed,758,,,1,4
NED,LYANNA,Directed,759,,,1,4
NED,LYSA,Directed,760,,,1,4
NED,MAESTER_LUWIN,Directed,761,,,1,5
NED,MEERA,Directed,762,,,1,2
NED,MERYN_TRANT,Directed,763,,,1,3
NED,MHAEGEN,Directed,764,,,1,9
NED,MOUNTAIN,Directed,765,,,1,5
NED,MYCAH,Directed,766,,,1,3
NED,PYCELLE,Directed,767,,,1,68
NED,PYP,Directed,768,,,1,3
NED,RENLY,Directed,769,,,1,30
NED,RICKARD_STARK,Directed,770,,,1,5
NED,ROBB,Directed,771,,,1,5
NED,ROBERT,Directed,772,,,1,2
NED,RODRIK,Directed,773,,,1,2
NED,ROOSE_BOLTON,Directed,774,,,1,2
NED,ROS,Directed,775,,,1,2
NED,SANSA,Directed,776,,,1,3
NED,SEPTA_MORDANE,Directed,777,,,1,9
NED,STANNIS,Directed,778,,,1,5
NED,STEFFON,Directed,779,,,1,2
NED,SYRIO_FOREL,Directed,780,,,1,6
NED,TOBHO_MOTT,Directed,781,,,1,10
NED,TOMARD,Directed,782,,,1,6
NED,TYRION,Directed,783,,,1,2
NED,VARLY,Directed,784,,,1,2
NED,VARYS,Directed,785,,,1,2
NED,WILL,Directed,786,,,1,3
NED,YOREN,Directed,787,,,1,15
NED,RICKARD_KARSTARK,Directed,788,,,1,2
NED,THOROS,Directed,789,,,1,2
NED,YOHN_ROYCE,Directed,790,,,1,2
NED,THREE_EYED_RAVEN,Directed,791,,,1,11
NED,OLD_NAN,Directed,792,,,1,3
NED,RAMSAY,Directed,793,,,1,3
NED,ROBETT,Directed,794,,,1,2
NED,RHAEGAR,Directed,795,,,1,3
RENLY,BRIENNE,Directed,796,,,1,8
RENLY,CERSEI,Directed,797,,,1,3
RENLY,COLEN,Directed,798,,,1,2
RENLY,GERARD,Directed,799,,,1,5
RENLY,GREATJON_UMBER,Directed,800,,,1,2
RENLY,HIGH_SPARROW,Directed,801,,,1,4
RENLY,JANOS,Directed,802,,,1,3
RENLY,JOFFREY,Directed,803,,,1,2
RENLY,LANCEL,Directed,804,,,1,2
RENLY,LITTLEFINGER,Directed,805,,,1,2
RENLY,LORAS,Directed,806,,,1,2
RENLY,MARGAERY,Directed,807,,,1,4
RENLY,MELISANDRE,Directed,808,,,1,8
RENLY,OLENNA,Directed,809,,,1,2
RENLY,PODRICK,Directed,810,,,1,3
RENLY,PYCELLE,Directed,811,,,1,8
RENLY,ROBB,Directed,812,,,1,8
RENLY,ROBERT,Directed,813,,,1,2
RENLY,SANSA,Directed,814,,,1,2
RENLY,STANNIS,Directed,815,,,1,3
RENLY,TOMARD,Directed,816,,,1,2
RENLY,VARYS,Directed,817,,,1,9
RHAEGAR,BRAN,Directed,818,,,1,4
RHAEGAR,DROGO,Directed,819,,,1,2
RHAEGAR,JON,Directed,820,,,1,7
RHAEGAR,LYANNA,Directed,821,,,1,4
RHAEGAR,ROBERT,Directed,822,,,1,2
RHAEGAR,VARYS,Directed,823,,,1,3
RHAEGAR,SAM,Directed,824,,,1,2
RICKARD_STARK,BRANDON_STARK,Directed,825,,,1,2
ROBERT,BENJEN,Directed,826,,,1,2
ROBERT,BERIC,Directed,827,,,1,2
ROBERT,BRAN,Directed,828,,,1,7
ROBERT,BRIENNE,Directed,829,,,1,2
ROBERT,CERSEI,Directed,830,,,1,2
ROBERT,CLARENZO,Directed,831,,,1,2
ROBERT,DROGO,Directed,832,,,1,2
ROBERT,GENDRY,Directed,833,,,1,5
ROBERT,HIGH_SPARROW,Directed,834,,,1,4
ROBERT,HOUND,Directed,835,,,1,6
ROBERT,IZEMBARO,Directed,836,,,1,2
ROBERT,JEOR,Directed,837,,,1,3
ROBERT,JOFFREY,Directed,838,,,1,2
ROBERT,JON,Directed,839,,,1,3
ROBERT,JON_ARRYN,Directed,840,,,1,2
ROBERT,JORY_CASSEL,Directed,841,,,1,4
ROBERT,LADY_CRANE,Directed,842,,,1,2
ROBERT,LANCEL,Directed,843,,,1,15
ROBERT,LITTLEFINGER,Directed,844,,,1,14
ROBERT,LORAS,Directed,845,,,1,3
ROBERT,LYANNA,Directed,846,,,1,2
ROBERT,MAESTER_LUWIN,Directed,847,,,1,2
ROBERT,MAGGY,Directed,848,,,1,2
ROBERT,MARGAERY,Directed,849,,,1,2
ROBERT,MARWYN,Directed,850,,,1,2
ROBERT,MATTHOS,Directed,851,,,1,2
ROBERT,MELISANDRE,Directed,852,,,1,4
ROBERT,MOUNTAIN,Directed,853,,,1,4
ROBERT,MYRCELLA,Directed,854,,,1,2
ROBERT,OLENNA,Directed,855,,,1,3
ROBERT,PYCELLE,Directed,856,,,1,3
ROBERT,ROBB,Directed,857,,,1,2
ROBERT,ROS,Directed,858,,,1,2
ROBERT,SANSA,Directed,859,,,1,2
ROBERT,STANNIS,Directed,860,,,1,4
ROBERT,TOMMEN,Directed,861,,,1,2
ROBERT,TYRION,Directed,862,,,1,3
ROBERT,VARYS,Directed,863,,,1,3
ROBERT,VISERYS,Directed,864,,,1,7
ROBERT,THOROS,Directed,865,,,1,3
ROBERT,SAM,Directed,866,,,1,2
SANSA,ALYS,Directed,867,,,1,5
SANSA,ANYA_WAYNWOOD,Directed,868,,,1,11
SANSA,BAELOR,Directed,869,,,1,2
SANSA,BERIC,Directed,870,,,1,4
SANSA,BIANCA,Directed,871,,,1,4
SANSA,BOBONO,Directed,872,,,1,4
SANSA,BRAN,Directed,873,,,1,28
SANSA,BRIENNE,Directed,874,,,1,24
SANSA,BRONN,Directed,875,,,1,3
SANSA,BRYNDEN,Directed,876,,,1,6
SANSA,CAMELLO,Directed,877,,,1,2
SANSA,CERSEI,Directed,878,,,1,3
SANSA,CLARENZO,Directed,879,,,1,4
SANSA,DESMOND,Directed,880,,,1,2
SANSA,DIM_DALBA,Directed,881,,,1,2
SANSA,DONTOS,Directed,882,,,1,30
SANSA,DORNISH_PRINCE,Directed,883,,,1,2
SANSA,EDDISON_TOLLETT,Directed,884,,,1,2
SANSA,EDMURE,Directed,885,,,1,5
SANSA,ELLARIA,Directed,886,,,1,2
SANSA,GENDRY,Directed,887,,,1,5
SANSA,GILLY,Directed,888,,,1,8
SANSA,GLOVER,Directed,889,,,1,3
SANSA,GREY_WORM,Directed,890,,,1,18
SANSA,HARALD,Directed,891,,,1,3
SANSA,HIGH_SEPTON,Directed,892,,,1,2
SANSA,HOUND,Directed,893,,,1,14
SANSA,HUGH_OF_THE_VALE,Directed,894,,,1,2
SANSA,ILYN_PAYNE,Directed,895,,,1,4
SANSA,IRONBORN_LORD,Directed,896,,,1,2
SANSA,IZEMBARO,Directed,897,,,1,2
SANSA,JOFFREY,Directed,898,,,1,2
SANSA,JOFFREY_DWARF,Directed,899,,,1,3
SANSA,JON,Directed,900,,,1,70
SANSA,JON_ARRYN,Directed,901,,,1,2
SANSA,LADY_CRANE,Directed,902,,,1,6
SANSA,LANCEL,Directed,903,,,1,4
SANSA,LITTLE_SAM,Directed,904,,,1,6
SANSA,LITTLEFINGER,Directed,905,,,1,107
SANSA,LORAS,Directed,906,,,1,2
SANSA,LYANNA,Directed,907,,,1,3
SANSA,LYANNA_MORMONT,Directed,908,,,1,7
SANSA,LYSA,Directed,909,,,1,4
SANSA,MACE,Directed,910,,,1,5
SANSA,MAESTER_LUWIN,Directed,911,,,1,2
SANSA,MAESTER_MORMONT,Directed,912,,,1,5
SANSA,MARGAERY,Directed,913,,,1,2
SANSA,MELISANDRE,Directed,914,,,1,10
SANSA,MERYN_TRANT,Directed,915,,,1,10
SANSA,MISSANDEI,Directed,916,,,1,14
SANSA,MOUNTAIN,Directed,917,,,1,4
SANSA,MYCAH,Directed,918,,,1,4
SANSA,MYRANDA,Directed,919,,,1,58
SANSA,MYRCELLA,Directed,920,,,1,5
SANSA,NED_UMBER,Directed,921,,,1,3
SANSA,OBERYN,Directed,922,,,1,4
SANSA,OLENNA,Directed,923,,,1,3
SANSA,PODRICK,Directed,924,,,1,2
SANSA,PYCELLE,Directed,925,,,1,3
SANSA,QHONO,Directed,926,,,1,4
SANSA,RAMSAY,Directed,927,,,1,3
SANSA,RICKON,Directed,928,,,1,7
SANSA,RIVERLANDS_LORD,Directed,929,,,1,2
SANSA,ROBB,Directed,930,,,1,4
SANSA,ROBB_DWARF,Directed,931,,,1,2
SANSA,ROBETT,Directed,932,,,1,7
SANSA,ROBIN,Directed,933,,,1,3
SANSA,ROOSE_BOLTON,Directed,934,,,1,7
SANSA,ROYCE,Directed,935,,,1,3
SANSA,SAM,Directed,936,,,1,12
SANSA,SEPTA_MORDANE,Directed,937,,,1,64
SANSA,STANNIS,Directed,938,,,1,3
SANSA,VARYS,Directed,939,,,1,22
SANSA,YOREN,Directed,940,,,1,4
SANSA,SHAE,Directed,941,,,1,17
SANSA,TOMMEN,Directed,942,,,1,4
SANSA,TYRION,Directed,943,,,1,86
SANSA,YOHN_ROYCE,Directed,944,,,1,14
SANSA,VANCE_CORBRAY,Directed,945,,,1,2
SANSA,WAYMAR_ROYCE,Directed,946,,,1,2
SANSA,WALDA,Directed,947,,,1,8
SANSA,TORMUND,Directed,948,,,1,10
SANSA,WUN_WUN,Directed,949,,,1,5
SANSA,SMALLJON,Directed,950,,,1,4
SANSA,MAESTER_WOLKAN,Directed,951,,,1,12
SANSA,SARRA,Directed,952,,,1,2
SANSA,VALE_LORD,Directed,953,,,1,2
SANSA,WILLA,Directed,954,,,1,2
SEPTA_MORDANE,JOFFREY,Directed,955,,,1,5
SEPTA_MORDANE,LITTLEFINGER,Directed,956,,,1,4
PYCELLE,BAELOR,Directed,957,,,1,2
PYCELLE,BRONN,Directed,958,,,1,2
PYCELLE,CERSEI,Directed,959,,,1,16
PYCELLE,HIGH_SEPTON,Directed,960,,,1,2
PYCELLE,JANOS,Directed,961,,,1,2
PYCELLE,JOFFREY,Directed,962,,,1,5
PYCELLE,JON_ARRYN,Directed,963,,,1,2
PYCELLE,LANCEL,Directed,964,,,1,2
PYCELLE,LITTLEFINGER,Directed,965,,,1,4
PYCELLE,LORAS,Directed,966,,,1,2
PYCELLE,MACE,Directed,967,,,1,3
PYCELLE,MARGAERY,Directed,968,,,1,2
PYCELLE,MOUNTAIN,Directed,969,,,1,6
PYCELLE,OBERYN,Directed,970,,,1,7
PYCELLE,OLENNA,Directed,971,,,1,3
PYCELLE,PODRICK,Directed,972,,,1,3
PYCELLE,ROS,Directed,973,,,1,9
PYCELLE,VARYS,Directed,974,,,1,2
PYCELLE,YOREN,Directed,975,,,1,2
PYCELLE,TIMETT,Directed,976,,,1,5
PYCELLE,TYRION,Directed,977,,,1,6
PYCELLE,QYBURN,Directed,978,,,1,13
PYCELLE,TOMMEN,Directed,979,,,1,10
JOFFREY,BAELOR,Directed,980,,,1,2
JOFFREY,BALON_DWARF,Directed,981,,,1,2
JOFFREY,BIANCA,Directed,982,,,1,4
JOFFREY,BOBONO,Directed,983,,,1,5
JOFFREY,BOROS,Directed,984,,,1,2
JOFFREY,BRAN,Directed,985,,,1,3
JOFFREY,BRIENNE,Directed,986,,,1,6
JOFFREY,BRONN,Directed,987,,,1,2
JOFFREY,CERSEI,Directed,988,,,1,7
JOFFREY,CLARENZO,Directed,989,,,1,5
JOFFREY,DAISY,Directed,990,,,1,7
JOFFREY,DONTOS,Directed,991,,,1,6
JOFFREY,ELLARIA,Directed,992,,,1,3
JOFFREY,ENDREW,Directed,993,,,1,5
JOFFREY,FOOL,Directed,994,,,1,2
JOFFREY,HAYLENE,Directed,995,,,1,4
JOFFREY,HIGH_SEPTON,Directed,996,,,1,5
JOFFREY,HOUND,Directed,997,,,1,6
JOFFREY,ILYN_PAYNE,Directed,998,,,1,2
JOFFREY,IZEMBARO,Directed,999,,,1,3
JOFFREY,JANOS,Directed,1000,,,1,4
JOFFREY,JEOR,Directed,1001,,,1,2
JOFFREY,JON,Directed,1002,,,1,2
JOFFREY,LITTLEFINGER,Directed,1003,,,1,7
JOFFREY,MARILLION,Directed,1004,,,1,14
JOFFREY,MERYN_TRANT,Directed,1005,,,1,2
JOFFREY,MYCAH,Directed,1006,,,1,10
JOFFREY,ROBB,Directed,1007,,,1,2
JOFFREY,TOMMEN,Directed,1008,,,1,2
JOFFREY,TYRION,Directed,1009,,,1,5
JOFFREY,VARYS,Directed,1010,,,1,2
JOFFREY,WILL,Directed,1011,,,1,2
JOFFREY,YOREN,Directed,1012,,,1,3
JOFFREY,LANCEL,Directed,1013,,,1,12
JOFFREY,LORAS,Directed,1014,,,1,3
JOFFREY,MANDON,Directed,1015,,,1,4
JOFFREY,MARGAERY,Directed,1016,,,1,3
JOFFREY,MATTHOS,Directed,1017,,,1,2
JOFFREY,MYRCELLA,Directed,1018,,,1,8
JOFFREY,PODRICK,Directed,1019,,,1,5
JOFFREY,ROS,Directed,1020,,,1,9
JOFFREY,SHAE,Directed,1021,,,1,7
JOFFREY,STANNIS,Directed,1022,,,1,3
JOFFREY,TALISA,Directed,1023,,,1,3
JOFFREY,OLENNA,Directed,1024,,,1,3
JOFFREY,MACE,Directed,1025,,,1,9
JOFFREY,OBERYN,Directed,1026,,,1,8
JOFFREY,POLLIVER,Directed,1027,,,1,5
JOFFREY,JOFFREY_DWARF,Directed,1028,,,1,4
JOFFREY,MOUNTAIN,Directed,1029,,,1,3
JOFFREY,ROBB_DWARF,Directed,1030,,,1,3
JOFFREY,LYSA,Directed,1031,,,1,2
JOFFREY,RENLY_DWARF,Directed,1032,,,1,2
JOFFREY,STANNIS_DWARF,Directed,1033,,,1,2
JOFFREY,LADY_CRANE,Directed,1034,,,1,11
TYRION,ALTON,Directed,1035,,,1,3
TYRION,ALYS,Directed,1036,,,1,8
TYRION,BAELOR,Directed,1037,,,1,2
TYRION,BELICHO,Directed,1038,,,1,7
TYRION,BENJEN,Directed,1039,,,1,17
TYRION,BERIC,Directed,1040,,,1,3
TYRION,BIANCA,Directed,1041,,,1,3
TYRION,BLACK_HAIRED_PROSTITUTE,Directed,1042,,,1,17
TYRION,BOBONO,Directed,1043,,,1,4
TYRION,BRAN,Directed,1044,,,1,55
TYRION,BRIENNE,Directed,1045,,,1,46
TYRION,BRONN,Directed,1046,,,1,40
TYRION,CAMELLO,Directed,1047,,,1,2
TYRION,CERSEI,Directed,1048,,,1,26
TYRION,CERSEIS_BABY,Directed,1049,,,1,2
TYRION,CLARENZO,Directed,1050,,,1,5
TYRION,DAARIO,Directed,1051,,,1,27
TYRION,DESMOND,Directed,1052,,,1,2
TYRION,DICKON,Directed,1053,,,1,4
TYRION,DONTOS,Directed,1054,,,1,5
TYRION,DORAN,Directed,1055,,,1,3
TYRION,DORNISH_LORD,Directed,1056,,,1,7
TYRION,DORNISH_PRINCE,Directed,1057,,,1,2
TYRION,EDMURE,Directed,1058,,,1,3
TYRION,ELLARIA,Directed,1059,,,1,7
TYRION,GENDRY,Directed,1060,,,1,6
TYRION,GILLY,Directed,1061,,,1,8
TYRION,GRENN,Directed,1062,,,1,6
TYRION,GREY_WORM,Directed,1063,,,1,40
TYRION,HAYLENE,Directed,1064,,,1,13
TYRION,HIGH_SEPTON,Directed,1065,,,1,2
TYRION,HIZDAHR,Directed,1066,,,1,13
TYRION,HODOR,Directed,1067,,,1,3
TYRION,HOUND,Directed,1068,,,1,2
TYRION,IRONBORN_LORD,Directed,1069,,,1,2
TYRION,IZEMBARO,Directed,1070,,,1,2
TYRION,JANOS,Directed,1071,,,1,39
TYRION,JEOR,Directed,1072,,,1,2
TYRION,JOANNA,Directed,1073,,,1,2
TYRION,JOFFREY_DWARF,Directed,1074,,,1,2
TYRION,JON,Directed,1075,,,1,116
TYRION,KINVARA,Directed,1076,,,1,15
TYRION,LADY_CRANE,Directed,1077,,,1,5
TYRION,LANCEL,Directed,1078,,,1,37
TYRION,LITTLE_SAM,Directed,1079,,,1,6
TYRION,LITTLEFINGER,Directed,1080,,,1,3
TYRION,LOLLYS,Directed,1081,,,1,2
TYRION,LORAS,Directed,1082,,,1,3
TYRION,LYANNA_MORMONT,Directed,1083,,,1,7
TYRION,LYSA,Directed,1084,,,1,5
TYRION,MACE,Directed,1085,,,1,14
TYRION,MAESTER_LUWIN,Directed,1086,,,1,7
TYRION,MALKO,Directed,1087,,,1,17
TYRION,MANDON,Directed,1088,,,1,8
TYRION,MAREI,Directed,1089,,,1,2
TYRION,MARGAERY,Directed,1090,,,1,3
TYRION,MARILLION,Directed,1091,,,1,5
TYRION,MASHA_HEDDLE,Directed,1092,,,1,5
TYRION,MELISANDRE,Directed,1093,,,1,4
TYRION,MERYN_TRANT,Directed,1094,,,1,6
TYRION,MISSANDEI,Directed,1095,,,1,21
TYRION,MORD,Directed,1096,,,1,31
TYRION,MORGAN,Directed,1097,,,1,4
TYRION,MORGANS_FRIEND,Directed,1098,,,1,2
TYRION,MOSSADOR,Directed,1099,,,1,2
TYRION,MOUNTAIN,Directed,1100,,,1,3
TYRION,MYRCELLA,Directed,1101,,,1,13
TYRION,NIGHT_KING,Directed,1102,,,1,2
TYRION,OBERYN,Directed,1103,,,1,78
TYRION,OLENNA,Directed,1104,,,1,4
TYRION,ORSON,Directed,1105,,,1,6
TYRION,OWNER,Directed,1106,,,1,7
TYRION,PODRICK,Directed,1107,,,1,18
TYRION,PROTESTER,Directed,1108,,,1,2
TYRION,PYP,Directed,1109,,,1,6
TYRION,QHONO,Directed,1110,,,1,4
TYRION,QUICK,Directed,1111,,,1,2
TYRION,QYBURN,Directed,1112,,,1,19
TYRION,RANDYLL,Directed,1113,,,1,7
TYRION,RAST,Directed,1114,,,1,3
TYRION,RAZDAL,Directed,1115,,,1,10
TYRION,RED_PRIEST,Directed,1116,,,1,4
TYRION,RIVERLANDS_LORD,Directed,1117,,,1,2
TYRION,ROBB,Directed,1118,,,1,2
TYRION,ROBB_DWARF,Directed,1119,,,1,2
TYRION,ROBIN,Directed,1120,,,1,2
TYRION,RODRIK,Directed,1121,,,1,9
TYRION,ROS,Directed,1122,,,1,3
TYRION,SAM,Directed,1123,,,1,24
TYRION,SHAE,Directed,1124,,,1,3
TYRION,SHAGGA,Directed,1125,,,1,22
TYRION,SORCERER,Directed,1126,,,1,3
TYRION,STANNIS,Directed,1127,,,1,20
TYRION,STRONG,Directed,1128,,,1,2
TYRION,TARYN_MANT,Directed,1129,,,1,4
TYRION,TIMETT,Directed,1130,,,1,3
TYRION,TOMMEN,Directed,1131,,,1,12
TYRION,TORMUND,Directed,1132,,,1,19
TYRION,TRYSTANE,Directed,1133,,,1,2
TYRION,TYSHA,Directed,1134,,,1,2
TYRION,VARYS,Directed,1135,,,1,114
TYRION,YOREN,Directed,1136,,,1,22
TYRION,WALDER,Directed,1137,,,1,2
TYRION,YEZZAN,Directed,1138,,,1,16
TYRION,MAESTER_WOLKAN,Directed,1139,,,1,9
TYRION,YOHN_ROYCE,Directed,1140,,,1,9
TYRION,VALE_LORD,Directed,1141,,,1,2
TYRION,VARDIS_EGEN,Directed,1142,,,1,9
CERSEI,ALTON,Directed,1143,,,1,9
CERSEI,BAELOR,Directed,1144,,,1,2
CERSEI,BALERION,Directed,1145,,,1,2
CERSEI,BENJEN,Directed,1146,,,1,2
CERSEI,BIANCA,Directed,1147,,,1,3
CERSEI,BOBONO,Directed,1148,,,1,3
CERSEI,BRAN,Directed,1149,,,1,4
CERSEI,BRIENNE,Directed,1150,,,1,4
CERSEI,BRONN,Directed,1151,,,1,4
CERSEI,HOUND,Directed,1152,,,1,6
CERSEI,ILYN_PAYNE,Directed,1153,,,1,2
CERSEI,JEOR,Directed,1154,,,1,2
CERSEI,JON_ARRYN,Directed,1155,,,1,3
CERSEI,JON,Directed,1156,,,1,3
CERSEI,LANCEL,Directed,1157,,,1,15
CERSEI,LITTLEFINGER,Directed,1158,,,1,2
CERSEI,LYANNA,Directed,1159,,,1,2
CERSEI,MERYN_TRANT,Directed,1160,,,1,13
CERSEI,ROBB,Directed,1161,,,1,2
CERSEI,ROS,Directed,1162,,,1,2
CERSEI,STANNIS,Directed,1163,,,1,2
CERSEI,VARYS,Directed,1164,,,1,3
CERSEI,YOREN,Directed,1165,,,1,2
CERSEI,HAYLENE,Directed,1166,,,1,2
CERSEI,JANOS,Directed,1167,,,1,11
CERSEI,JOANNA,Directed,1168,,,1,2
CERSEI,LORAS,Directed,1169,,,1,6
CERSEI,MANDON,Directed,1170,,,1,3
CERSEI,MATTHOS,Directed,1171,,,1,2
CERSEI,MYRCELLA,Directed,1172,,,1,4
CERSEI,PODRICK,Directed,1173,,,1,3
CERSEI,SALLADHOR,Directed,1174,,,1,2
CERSEI,SHAE,Directed,1175,,,1,7
CERSEI,TOMMEN,Directed,1176,,,1,48
CERSEI,MARGAERY,Directed,1177,,,1,14
CERSEI,OLENNA,Directed,1178,,,1,5
CERSEI,TARYN_MANT,Directed,1179,,,1,4
CERSEI,HIGH_SEPTON,Directed,1180,,,1,13
CERSEI,OBERYN,Directed,1181,,,1,3
CERSEI,QYBURN,Directed,1182,,,1,41
CERSEI,MACE,Directed,1183,,,1,4
CERSEI,MOUNTAIN,Directed,1184,,,1,24
CERSEI,ELLARIA,Directed,1185,,,1,21
CERSEI,DONTOS,Directed,1186,,,1,6
CERSEI,ELIA,Directed,1187,,,1,2
CERSEI,FOOL,Directed,1188,,,1,2
CERSEI,JOFFREY_DWARF,Directed,1189,,,1,2
CERSEI,ROBB_DWARF,Directed,1190,,,1,2
CERSEI,HIGH_SPARROW,Directed,1191,,,1,15
CERSEI,MAGGY,Directed,1192,,,1,20
CERSEI,SEPTA_UNELLA,Directed,1193,,,1,12
CERSEI,MELARA,Directed,1194,,,1,12
CERSEI,OLYVAR,Directed,1195,,,1,4
CERSEI,ROOSE_BOLTON,Directed,1196,,,1,4
CERSEI,LADY_CRANE,Directed,1197,,,1,6
CERSEI,CLARENZO,Directed,1198,,,1,4
CERSEI,IZEMBARO,Directed,1199,,,1,3
CERSEI,SON_OF_EDMURE,Directed,1200,,,1,2
CERSEI,TYCHO,Directed,1201,,,1,37
CERSEI,TYENE,Directed,1202,,,1,15
CERSEI,RANDYLL,Directed,1203,,,1,6
CERSEI,NIGHT_KING,Directed,1204,,,1,2
CERSEI,HARRY,Directed,1205,,,1,11
CERSEI,MISSANDEI,Directed,1206,,,1,9
CERSEI,GREY_WORM,Directed,1207,,,1,5
CERSEI,CERSEIS_BABY,Directed,1208,,,1,2
JON,ALLISER_THORNE,Directed,1209,,,1,13
JON,ALYS,Directed,1210,,,1,5
JON,BENJEN,Directed,1211,,,1,7
JON,BERIC,Directed,1212,,,1,8
JON,BOWEN_MARSH,Directed,1213,,,1,6
JON,BRAN,Directed,1214,,,1,30
JON,BRANDON_STARK,Directed,1215,,,1,2
JON,BRIAN,Directed,1216,,,1,2
JON,BRIENNE,Directed,1217,,,1,11
JON,BRONN,Directed,1218,,,1,3
JON,CRASTER,Directed,1219,,,1,9
JON,DAREON,Directed,1220,,,1,4
JON,DIM_DALBA,Directed,1221,,,1,5
JON,DONGO_THE_GIANT,Directed,1222,,,1,2
JON,DROGO,Directed,1223,,,1,2
JON,EDDISON_TOLLETT,Directed,1224,,,1,8
JON,FARMER,Directed,1225,,,1,8
JON,GENDRY,Directed,1226,,,1,7
JON,GILLY,Directed,1227,,,1,9
JON,GLOVER,Directed,1228,,,1,7
JON,GRENN,Directed,1229,,,1,52
JON,GREY_WORM,Directed,1230,,,1,50
JON,HARALD,Directed,1231,,,1,3
JON,HARRY,Directed,1232,,,1,2
JON,HODOR,Directed,1233,,,1,2
JON,HOT_PIE,Directed,1234,,,1,2
JON,HOUND,Directed,1235,,,1,4
JON,JANOS,Directed,1236,,,1,20
JON,JEOR,Directed,1237,,,1,4
JON,JOJEN,Directed,1238,,,1,2
JON,OTHELL_YARWYCK,Directed,1239,,,1,3
JON,OTHOR,Directed,1240,,,1,5
JON,PYP,Directed,1241,,,1,7
JON,RAST,Directed,1242,,,1,7
JON,ROBB,Directed,1243,,,1,2
JON,RODRIK,Directed,1244,,,1,2
JON,ROS,Directed,1245,,,1,2
JON,SAM,Directed,1246,,,1,66
JON,WILL,Directed,1247,,,1,3
JON,LORD_OF_BONES,Directed,1248,,,1,5
JON,MANCE,Directed,1249,,,1,33
JON,QHORIN,Directed,1250,,,1,2
JON,YGRITTE,Directed,1251,,,1,17
JON,ORELL,Directed,1252,,,1,37
JON,TORMUND,Directed,1253,,,1,50
JON,OSHA,Directed,1254,,,1,3
JON,MEERA,Directed,1255,,,1,2
JON,QHORIN_HALFHAND,Directed,1256,,,1,2
JON,RICKON,Directed,1257,,,1,9
JON,LOCKE,Directed,1258,,,1,21
JON,OLLY,Directed,1259,,,1,6
JON,STANNIS,Directed,1260,,,1,4
JON,KARL_TANNER,Directed,1261,,,1,11
JON,MORAG,Directed,1262,,,1,8
JON,SISSY,Directed,1263,,,1,7
JON,STYR,Directed,1264,,,1,6
JON,MAG_THE_MIGHTY,Directed,1265,,,1,4
JON,MELISANDRE,Directed,1266,,,1,4
JON,SELYSE,Directed,1267,,,1,6
JON,KARSI,Directed,1268,,,1,28
JON,LOBODA,Directed,1269,,,1,16
JON,NIGHT_KING,Directed,1270,,,1,19
JON,LITTLE_SAM,Directed,1271,,,1,2
JON,LORD_WEEBLY,Directed,1272,,,1,2
JON,ROOSE_BOLTON,Directed,1273,,,1,3
JON,RAMSAY,Directed,1274,,,1,30
JON,LYANNA_MORMONT,Directed,1275,,,1,11
JON,ROBETT,Directed,1276,,,1,8
JON,WUN_WUN,Directed,1277,,,1,13
JON,LITTLEFINGER,Directed,1278,,,1,20
JON,SMALLJON,Directed,1279,,,1,8
JON,MAESTER_MORMONT,Directed,1280,,,1,5
JON,MANDERLY,Directed,1281,,,1,4
JON,PODRICK,Directed,1282,,,1,2
JON,MISSANDEI,Directed,1283,,,1,11
JON,VARYS,Directed,1284,,,1,49
JON,THOROS,Directed,1285,,,1,12
JON,MAESTER_WOLKAN,Directed,1286,,,1,6
JON,MOUNTAIN,Directed,1287,,,1,5
JON,YOHN_ROYCE,Directed,1288,,,1,4
JON,LYANNA,Directed,1289,,,1,9
JON,NED_UMBER,Directed,1290,,,1,4
JON,QYBURN,Directed,1291,,,1,4
JON,WHITE_WALKER,Directed,1292,,,1,2
JON,QHONO,Directed,1293,,,1,4
JON,TEELA,Directed,1294,,,1,2
JON,UNSULLIED_CAPTAIN,Directed,1295,,,1,2
VARYS,ALYS,Directed,1296,,,1,6
VARYS,BELICHO,Directed,1297,,,1,2
VARYS,BERIC,Directed,1298,,,1,3
VARYS,BRAN,Directed,1299,,,1,8
VARYS,BRIENNE,Directed,1300,,,1,9
VARYS,BRONN,Directed,1301,,,1,3
VARYS,DOM,Directed,1302,,,1,5
VARYS,ELLARIA,Directed,1303,,,1,3
VARYS,GENDRY,Directed,1304,,,1,2
VARYS,GILLY,Directed,1305,,,1,8
VARYS,GREY_WORM,Directed,1306,,,1,18
VARYS,HOUND,Directed,1307,,,1,3
VARYS,ILLYRIO,Directed,1308,,,1,9
VARYS,ILYN_PAYNE,Directed,1309,,,1,2
VARYS,JANOS,Directed,1310,,,1,3
VARYS,JON_ARRYN,Directed,1311,,,1,2
VARYS,KINVARA,Directed,1312,,,1,8
VARYS,LITTLE_SAM,Directed,1313,,,1,6
VARYS,LITTLEFINGER,Directed,1314,,,1,16
VARYS,LYANNA,Directed,1315,,,1,3
VARYS,LYANNA_MORMONT,Directed,1316,,,1,5
VARYS,LYSA,Directed,1317,,,1,2
VARYS,MACE,Directed,1318,,,1,8
VARYS,MARTHA,Directed,1319,,,1,11
VARYS,MELISANDRE,Directed,1320,,,1,21
VARYS,MISSANDEI,Directed,1321,,,1,15
VARYS,MOUNTAIN,Directed,1322,,,1,2
VARYS,OBERYN,Directed,1323,,,1,34
VARYS,OLENNA,Directed,1324,,,1,2
VARYS,PODRICK,Directed,1325,,,1,2
VARYS,QHONO,Directed,1326,,,1,4
VARYS,QYBURN,Directed,1327,,,1,2
VARYS,RAZDAL,Directed,1328,,,1,3
VARYS,RED_PRIEST,Directed,1329,,,1,3
VARYS,ROBB,Directed,1330,,,1,2
VARYS,ROS,Directed,1331,,,1,25
VARYS,SAM,Directed,1332,,,1,6
VARYS,SHAE,Directed,1333,,,1,22
VARYS,SORCERER,Directed,1334,,,1,4
VARYS,STANNIS,Directed,1335,,,1,2
VARYS,TOMMEN,Directed,1336,,,1,2
VARYS,TORMUND,Directed,1337,,,1,6
VARYS,VALA,Directed,1338,,,1,14
VARYS,YOREN,Directed,1339,,,1,3
VARYS,YEZZAN,Directed,1340,,,1,2
VARYS,MAESTER_WOLKAN,Directed,1341,,,1,5
VARYS,YOHN_ROYCE,Directed,1342,,,1,4
OLENNA,BRIENNE,Directed,1343,,,1,5
OLENNA,BRONN,Directed,1344,,,1,2
OLENNA,DICKON,Directed,1345,,,1,2
OLENNA,ELLARIA,Directed,1346,,,1,3
OLENNA,GREY_WORM,Directed,1347,,,1,2
OLENNA,HIGH_SEPTON,Directed,1348,,,1,2
OLENNA,HIGH_SPARROW,Directed,1349,,,1,4
OLENNA,LITTLEFINGER,Directed,1350,,,1,16
OLENNA,LORAS,Directed,1351,,,1,4
OLENNA,LUTHOR,Directed,1352,,,1,5
OLENNA,MACE,Directed,1353,,,1,11
OLENNA,MARGAERY,Directed,1354,,,1,2
OLENNA,MISSANDEI,Directed,1355,,,1,2
OLENNA,MUSICIAN,Directed,1356,,,1,2
OLENNA,NYMERIA,Directed,1357,,,1,4
OLENNA,OBARA,Directed,1358,,,1,7
OLENNA,PODRICK,Directed,1359,,,1,3
OLENNA,TOMMEN,Directed,1360,,,1,3
OLENNA,VIOLA,Directed,1361,,,1,2
OLENNA,OLYVAR,Directed,1362,,,1,2
OLENNA,SEPTA_UNELLA,Directed,1363,,,1,7
OLENNA,TYENE,Directed,1364,,,1,3
OLENNA,RANDYLL,Directed,1365,,,1,4
ALANNA,OWEN,Directed,1366,,,1,2
ALLISER_THORNE,GRENN,Directed,1367,,,1,13
ALLISER_THORNE,JEOR,Directed,1368,,,1,9
ALLISER_THORNE,OTHELL_YARWYCK,Directed,1369,,,1,3
ALLISER_THORNE,PYP,Directed,1370,,,1,8
ALLISER_THORNE,RAST,Directed,1371,,,1,4
ALLISER_THORNE,SAM,Directed,1372,,,1,14
ALLISER_THORNE,JANOS,Directed,1373,,,1,6
ALLISER_THORNE,LOCKE,Directed,1374,,,1,7
ALLISER_THORNE,EDDISON_TOLLETT,Directed,1375,,,1,11
ALLISER_THORNE,TORMUND,Directed,1376,,,1,9
ALLISER_THORNE,OLLY,Directed,1377,,,1,7
ALLISER_THORNE,QHORIN,Directed,1378,,,1,3
ALLISER_THORNE,CRASTER,Directed,1379,,,1,2
ALLISER_THORNE,YGRITTE,Directed,1380,,,1,2
ALLISER_THORNE,STANNIS,Directed,1381,,,1,5
ALLISER_THORNE,DENYS,Directed,1382,,,1,2
ALLISER_THORNE,MANCE,Directed,1383,,,1,2
ALLISER_THORNE,BOWEN_MARSH,Directed,1384,,,1,6
ALLISER_THORNE,MELISANDRE,Directed,1385,,,1,3
ALLISER_THORNE,WUN_WUN,Directed,1386,,,1,3
GRENN,COOPER,Directed,1387,,,1,4
GRENN,CRASTER,Directed,1388,,,1,4
GRENN,DAREON,Directed,1389,,,1,2
GRENN,DONNEL_HILL,Directed,1390,,,1,8
GRENN,EDDISON_TOLLETT,Directed,1391,,,1,31
GRENN,GILLY,Directed,1392,,,1,2
GRENN,JEOR,Directed,1393,,,1,7
GRENN,PYP,Directed,1394,,,1,2
GRENN,RAST,Directed,1395,,,1,17
GRENN,SAM,Directed,1396,,,1,16
GRENN,KARL_TANNER,Directed,1397,,,1,2
GRENN,LOCKE,Directed,1398,,,1,14
GRENN,JANOS,Directed,1399,,,1,13
GRENN,MAG_THE_MIGHTY,Directed,1400,,,1,7
GRENN,OLLY,Directed,1401,,,1,6
GRENN,MORAG,Directed,1402,,,1,5
GRENN,SISSY,Directed,1403,,,1,4
GRENN,MELISANDRE,Directed,1404,,,1,2
GRENN,SELYSE,Directed,1405,,,1,2
GRENN,STANNIS,Directed,1406,,,1,2
GRENN,YGRITTE,Directed,1407,,,1,2
JEOR,BENJEN,Directed,1408,,,1,2
JEOR,CRASTER,Directed,1409,,,1,17
JEOR,DAREON,Directed,1410,,,1,2
JEOR,EDDISON_TOLLETT,Directed,1411,,,1,6
JEOR,JAREMY_RYKKER,Directed,1412,,,1,2
JEOR,OTHELL_YARWYCK,Directed,1413,,,1,6
JEOR,OTHOR,Directed,1414,,,1,6
JEOR,PYP,Directed,1415,,,1,10
JEOR,SAM,Directed,1416,,,1,4
JEOR,QHORIN,Directed,1417,,,1,13
JEOR,RAST,Directed,1418,,,1,19
JEOR,KARL_TANNER,Directed,1419,,,1,2
OTHELL_YARWYCK,BOWEN_MARSH,Directed,1420,,,1,2
OTHELL_YARWYCK,EDDISON_TOLLETT,Directed,1421,,,1,2
OTHELL_YARWYCK,JANOS,Directed,1422,,,1,2
OTHELL_YARWYCK,JAREMY_RYKKER,Directed,1423,,,1,2
OTHELL_YARWYCK,MELISANDRE,Directed,1424,,,1,2
OTHELL_YARWYCK,OLLY,Directed,1425,,,1,2
OTHELL_YARWYCK,PYP,Directed,1426,,,1,2
OTHELL_YARWYCK,SAM,Directed,1427,,,1,6
OTHELL_YARWYCK,TORMUND,Directed,1428,,,1,2
PYP,BORCAS,Directed,1429,,,1,2
PYP,BOWEN_MARSH,Directed,1430,,,1,2
PYP,DAREON,Directed,1431,,,1,8
PYP,EDDISON_TOLLETT,Directed,1432,,,1,2
PYP,GILLY,Directed,1433,,,1,7
PYP,JANOS,Directed,1434,,,1,2
PYP,JAREMY_RYKKER,Directed,1435,,,1,2
PYP,LITTLE_SAM,Directed,1436,,,1,2
PYP,LUKE,Directed,1437,,,1,2
PYP,OLLY,Directed,1438,,,1,3
PYP,OTHOR,Directed,1439,,,1,2
PYP,RAST,Directed,1440,,,1,10
PYP,SAM,Directed,1441,,,1,34
PYP,TORMUND,Directed,1442,,,1,3
RAST,BRAN,Directed,1443,,,1,4
RAST,CRASTER,Directed,1444,,,1,5
RAST,CRASTERS_BABY,Directed,1445,,,1,4
RAST,DAREON,Directed,1446,,,1,2
RAST,EDDISON_TOLLETT,Directed,1447,,,1,11
RAST,GILLY,Directed,1448,,,1,2
RAST,HODOR,Directed,1449,,,1,3
RAST,JOJEN,Directed,1450,,,1,2
RAST,KARL_TANNER,Directed,1451,,,1,13
RAST,LOCKE,Directed,1452,,,1,2
RAST,MEERA,Directed,1453,,,1,2
RAST,SAM,Directed,1454,,,1,13
SAM,ALYS,Directed,1455,,,1,4
SAM,BERIC,Directed,1456,,,1,15
SAM,BRAN,Directed,1457,,,1,23
SAM,BRAND,Directed,1458,,,1,6
SAM,BRIENNE,Directed,1459,,,1,23
SAM,BRONN,Directed,1460,,,1,8
SAM,CRASTER,Directed,1461,,,1,3
SAM,DAREON,Directed,1462,,,1,2
SAM,DERRYK,Directed,1463,,,1,7
SAM,DICKON,Directed,1464,,,1,2
SAM,DORNISH_PRINCE,Directed,1465,,,1,2
SAM,EDDISON_TOLLETT,Directed,1466,,,1,16
SAM,EDMURE,Directed,1467,,,1,3
SAM,GENDRY,Directed,1468,,,1,17
SAM,GILLY,Directed,1469,,,1,11
SAM,GREY_WORM,Directed,1470,,,1,23
SAM,HIGH_SEPTON,Directed,1471,,,1,2
SAM,HODOR,Directed,1472,,,1,8
SAM,HOUND,Directed,1473,,,1,8
SAM,IRONBORN_LORD,Directed,1474,,,1,2
SAM,JANOS,Directed,1475,,,1,8
SAM,JOJEN,Directed,1476,,,1,12
SAM,KARL_TANNER,Directed,1477,,,1,2
SAM,LITTLE_SAM,Directed,1478,,,1,2
SAM,LOCKE,Directed,1479,,,1,2
SAM,LORD_WEEBLY,Directed,1480,,,1,3
SAM,LYANNA,Directed,1481,,,1,2
SAM,LYANNA_MORMONT,Directed,1482,,,1,13
SAM,MAESTER_CITADEL,Directed,1483,,,1,13
SAM,MAG_THE_MIGHTY,Directed,1484,,,1,3
SAM,MAGNAR,Directed,1485,,,1,2
SAM,MANCE,Directed,1486,,,1,2
SAM,MARWYN,Directed,1487,,,1,3
SAM,MEERA,Directed,1488,,,1,8
SAM,MELESSA,Directed,1489,,,1,21
SAM,MELISANDRE,Directed,1490,,,1,5
SAM,MISSANDEI,Directed,1491,,,1,4
SAM,MOLES_TOWN_MADAM,Directed,1492,,,1,7
SAM,MOLES_TOWN_WHORE,Directed,1493,,,1,2
SAM,OLLY,Directed,1494,,,1,30
SAM,OTHOR,Directed,1495,,,1,2
SAM,PODRICK,Directed,1496,,,1,8
SAM,QHONO,Directed,1497,,,1,6
SAM,QHORIN,Directed,1498,,,1,5
SAM,RANDYLL,Directed,1499,,,1,3
SAM,RIVERLANDS_LORD,Directed,1500,,,1,2
SAM,ROBIN,Directed,1501,,,1,3
SAM,TORMUND,Directed,1502,,,1,30
SAM,STYR,Directed,1503,,,1,4
SAM,YGRITTE,Directed,1504,,,1,4
SAM,SELYSE,Directed,1505,,,1,5
SAM,STANNIS,Directed,1506,,,1,2
SAM,TALLA,Directed,1507,,,1,8
SAM,YOHN_ROYCE,Directed,1508,,,1,6
SAM,MAESTER_WOLKAN,Directed,1509,,,1,5
SAM,TEELA,Directed,1510,,,1,2
SAM,VALE_LORD,Directed,1511,,,1,2
JANOS,BARRA,Directed,1512,,,1,2
JANOS,BRONN,Directed,1513,,,1,3
JANOS,EDDISON_TOLLETT,Directed,1514,,,1,3
JANOS,GILLY,Directed,1515,,,1,3
JANOS,LITTLEFINGER,Directed,1516,,,1,4
JANOS,MHAEGEN,Directed,1517,,,1,4
JANOS,PODRICK,Directed,1518,,,1,3
JANOS,ROS,Directed,1519,,,1,4
JANOS,OLLY,Directed,1520,,,1,3
JANOS,LITTLE_SAM,Directed,1521,,,1,2
JANOS,LOCKE,Directed,1522,,,1,2
JANOS,STANNIS,Directed,1523,,,1,3
LOCKE,BRAN,Directed,1524,,,1,13
LOCKE,BRIENNE,Directed,1525,,,1,15
LOCKE,CRASTER,Directed,1526,,,1,4
LOCKE,EDDISON_TOLLETT,Directed,1527,,,1,5
LOCKE,HODOR,Directed,1528,,,1,7
LOCKE,JOJEN,Directed,1529,,,1,2
LOCKE,ROOSE_BOLTON,Directed,1530,,,1,2
LOCKE,QYBURN,Directed,1531,,,1,2
LOCKE,STEELSHANKS_WALTON,Directed,1532,,,1,2
LOCKE,RAMSAY,Directed,1533,,,1,4
LOCKE,MEERA,Directed,1534,,,1,2
LOCKE,MORAG,Directed,1535,,,1,2
LOCKE,SISSY,Directed,1536,,,1,2
EDDISON_TOLLETT,BERIC,Directed,1537,,,1,9
EDDISON_TOLLETT,BOWEN_MARSH,Directed,1538,,,1,4
EDDISON_TOLLETT,BRAN,Directed,1539,,,1,4
EDDISON_TOLLETT,BRIENNE,Directed,1540,,,1,3
EDDISON_TOLLETT,CRASTER,Directed,1541,,,1,7
EDDISON_TOLLETT,GILLY,Directed,1542,,,1,2
EDDISON_TOLLETT,KARL_TANNER,Directed,1543,,,1,2
EDDISON_TOLLETT,MORAG,Directed,1544,,,1,5
EDDISON_TOLLETT,SISSY,Directed,1545,,,1,4
EDDISON_TOLLETT,OLLY,Directed,1546,,,1,5
EDDISON_TOLLETT,MELISANDRE,Directed,1547,,,1,11
EDDISON_TOLLETT,SELYSE,Directed,1548,,,1,2
EDDISON_TOLLETT,STANNIS,Directed,1549,,,1,4
EDDISON_TOLLETT,LITTLE_SAM,Directed,1550,,,1,2
EDDISON_TOLLETT,TORMUND,Directed,1551,,,1,13
EDDISON_TOLLETT,PODRICK,Directed,1552,,,1,4
EDDISON_TOLLETT,WUN_WUN,Directed,1553,,,1,3
EDDISON_TOLLETT,MEERA,Directed,1554,,,1,4
EDDISON_TOLLETT,GREY_WORM,Directed,1555,,,1,4
EDDISON_TOLLETT,GENDRY,Directed,1556,,,1,3
EDDISON_TOLLETT,HOUND,Directed,1557,,,1,3
EDDISON_TOLLETT,LYANNA_MORMONT,Directed,1558,,,1,2
EDDISON_TOLLETT,NED_UMBER,Directed,1559,,,1,2
EDDISON_TOLLETT,TEELA,Directed,1560,,,1,2
TORMUND,ALYS,Directed,1561,,,1,3
TORMUND,BERIC,Directed,1562,,,1,24
TORMUND,BOWEN_MARSH,Directed,1563,,,1,4
TORMUND,BRAN,Directed,1564,,,1,4
TORMUND,BRIENNE,Directed,1565,,,1,40
TORMUND,DIM_DALBA,Directed,1566,,,1,4
TORMUND,FARMER,Directed,1567,,,1,7
TORMUND,GENDRY,Directed,1568,,,1,19
TORMUND,GILLY,Directed,1569,,,1,5
TORMUND,GREY_WORM,Directed,1570,,,1,23
TORMUND,HARALD,Directed,1571,,,1,3
TORMUND,HODOR,Directed,1572,,,1,2
TORMUND,HOUND,Directed,1573,,,1,22
TORMUND,JOJEN,Directed,1574,,,1,2
TORMUND,KARSI,Directed,1575,,,1,19
TORMUND,LITTLEFINGER,Directed,1576,,,1,3
TORMUND,LOBODA,Directed,1577,,,1,4
TORMUND,LORD_OF_BONES,Directed,1578,,,1,12
TORMUND,LYANNA_MORMONT,Directed,1579,,,1,6
TORMUND,MANCE,Directed,1580,,,1,2
TORMUND,MEERA,Directed,1581,,,1,2
TORMUND,MELISANDRE,Directed,1582,,,1,5
TORMUND,NED_UMBER,Directed,1583,,,1,2
TORMUND,NIGHT_KING,Directed,1584,,,1,6
TORMUND,OLLY,Directed,1585,,,1,5
TORMUND,OLLYS_MOTHER,Directed,1586,,,1,2
TORMUND,ORELL,Directed,1587,,,1,30
TORMUND,OSHA,Directed,1588,,,1,2
TORMUND,PODRICK,Directed,1589,,,1,20
TORMUND,QHONO,Directed,1590,,,1,4
TORMUND,RAMSAY,Directed,1591,,,1,8
TORMUND,RICKON,Directed,1592,,,1,2
TORMUND,ROBETT,Directed,1593,,,1,2
TORMUND,SARRA,Directed,1594,,,1,2
TORMUND,SMALLJON,Directed,1595,,,1,6
TORMUND,STANNIS,Directed,1596,,,1,4
TORMUND,STYR,Directed,1597,,,1,20
TORMUND,TEELA,Directed,1598,,,1,2
TORMUND,THENN_WARG,Directed,1599,,,1,3
TORMUND,THOROS,Directed,1600,,,1,11
TORMUND,YGRITTE,Directed,1601,,,1,29
TORMUND,WUN_WUN,Directed,1602,,,1,12
TORMUND,WHITE_WALKER,Directed,1603,,,1,2
TORMUND,YOHN_ROYCE,Directed,1604,,,1,2
TORMUND,WILLA,Directed,1605,,,1,5
OLLY,BOWEN_MARSH,Directed,1606,,,1,4
OLLY,GILLY,Directed,1607,,,1,7
OLLY,GUYMON,Directed,1608,,,1,7
OLLY,LITTLE_SAM,Directed,1609,,,1,3
OLLY,MELISANDRE,Directed,1610,,,1,2
OLLY,STYR,Directed,1611,,,1,10
OLLY,YGRITTE,Directed,1612,,,1,7
OLLY,OLLYS_MOTHER,Directed,1613,,,1,4
OLLY,STANNIS,Directed,1614,,,1,10
QHORIN,MANCE,Directed,1615,,,1,9
QHORIN,LORD_OF_BONES,Directed,1616,,,1,10
QHORIN,YGRITTE,Directed,1617,,,1,28
CRASTER,BENJEN,Directed,1618,,,1,2
CRASTER,BRAN,Directed,1619,,,1,4
CRASTER,GILLY,Directed,1620,,,1,6
CRASTER,MANCE,Directed,1621,,,1,2
CRASTER,KARL_TANNER,Directed,1622,,,1,5
CRASTER,MORAG,Directed,1623,,,1,4
CRASTER,SISSY,Directed,1624,,,1,4
CRASTER,JOJEN,Directed,1625,,,1,3
CRASTER,MEERA,Directed,1626,,,1,3
CRASTER,CRASTERS_BABY,Directed,1627,,,1,2
CRASTER,HODOR,Directed,1628,,,1,2
YGRITTE,BRAN,Directed,1629,,,1,2
YGRITTE,FARMER,Directed,1630,,,1,6
YGRITTE,GILLY,Directed,1631,,,1,4
YGRITTE,GUYMON,Directed,1632,,,1,2
YGRITTE,HODOR,Directed,1633,,,1,2
YGRITTE,JOJEN,Directed,1634,,,1,2
YGRITTE,LORD_OF_BONES,Directed,1635,,,1,4
YGRITTE,MANCE,Directed,1636,,,1,10
YGRITTE,MEERA,Directed,1637,,,1,2
YGRITTE,OLLYS_MOTHER,Directed,1638,,,1,2
YGRITTE,ORELL,Directed,1639,,,1,32
YGRITTE,OSHA,Directed,1640,,,1,2
YGRITTE,QHORIN_HALFHAND,Directed,1641,,,1,2
YGRITTE,RICKON,Directed,1642,,,1,2
YGRITTE,STYR,Directed,1643,,,1,32
YGRITTE,THENN_WARG,Directed,1644,,,1,3
STANNIS,AXELL_FLORENT,Directed,1645,,,1,2
STANNIS,BRIENNE,Directed,1646,,,1,4
STANNIS,CRESSEN,Directed,1647,,,1,5
STANNIS,GENDRY,Directed,1648,,,1,9
STANNIS,GILLY,Directed,1649,,,1,4
STANNIS,GREATJON_UMBER,Directed,1650,,,1,2
STANNIS,HOUND,Directed,1651,,,1,2
STANNIS,LANCEL,Directed,1652,,,1,3
STANNIS,LITTLE_SAM,Directed,1653,,,1,2
STANNIS,LITTLEFINGER,Directed,1654,,,1,5
STANNIS,LORAS,Directed,1655,,,1,5
STANNIS,LYANNA_MORMONT,Directed,1656,,,1,2
STANNIS,MANCE,Directed,1657,,,1,14
STANNIS,MARGAERY,Directed,1658,,,1,2
STANNIS,MATTHOS,Directed,1659,,,1,21
STANNIS,MELISANDRE,Directed,1660,,,1,6
STANNIS,PODRICK,Directed,1661,,,1,5
STANNIS,RAMSAY,Directed,1662,,,1,7
STANNIS,ROBB,Directed,1663,,,1,3
STANNIS,ROOSE_BOLTON,Directed,1664,,,1,4
STANNIS,RYLENE,Directed,1665,,,1,2
STANNIS,SALLADHOR,Directed,1666,,,1,2
STANNIS,SELYSE,Directed,1667,,,1,18
STANNIS,TOMARD,Directed,1668,,,1,2
STANNIS,TYCHO,Directed,1669,,,1,17
STANNIS,TOMMEN,Directed,1670,,,1,3
STANNIS,STEFFON,Directed,1671,,,1,2
MANCE,LORD_OF_BONES,Directed,1672,,,1,3
MANCE,MAG_THE_MIGHTY,Directed,1673,,,1,3
MANCE,ORELL,Directed,1674,,,1,10
MANCE,MELISANDRE,Directed,1675,,,1,3
BOWEN_MARSH,DAREON,Directed,1676,,,1,2
BOWEN_MARSH,MELISANDRE,Directed,1677,,,1,4
MELISANDRE,ANGUY,Directed,1678,,,1,3
MELISANDRE,AXELL_FLORENT,Directed,1679,,,1,4
MELISANDRE,BERIC,Directed,1680,,,1,6
MELISANDRE,BRIENNE,Directed,1681,,,1,10
MELISANDRE,CRESSEN,Directed,1682,,,1,10
MELISANDRE,GENDRY,Directed,1683,,,1,2
MELISANDRE,GILLY,Directed,1684,,,1,2
MELISANDRE,GREY_WORM,Directed,1685,,,1,5
MELISANDRE,HOUND,Directed,1686,,,1,8
MELISANDRE,LITTLE_SAM,Directed,1687,,,1,2
MELISANDRE,LORAS,Directed,1688,,,1,2
MELISANDRE,MATTHOS,Directed,1689,,,1,4
MELISANDRE,THOROS,Directed,1690,,,1,2
MELISANDRE,SELYSE,Directed,1691,,,1,13
MELISANDRE,PODRICK,Directed,1692,,,1,2
MELISANDRE,RAMSAY,Directed,1693,,,1,2
MELISANDRE,MISSANDEI,Directed,1694,,,1,2
MELISANDRE,QHONO,Directed,1695,,,1,2
WUN_WUN,DIM_DALBA,Directed,1696,,,1,3
WUN_WUN,LITTLEFINGER,Directed,1697,,,1,2
WUN_WUN,RAMSAY,Directed,1698,,,1,5
WUN_WUN,RICKON,Directed,1699,,,1,2
WUN_WUN,SMALLJON,Directed,1700,,,1,3
ALTON,RICKARD_KARSTARK,Directed,1701,,,1,4
ALTON,ROBB,Directed,1702,,,1,22
ALTON,TALISA,Directed,1703,,,1,2
ALTON,TORRHEN,Directed,1704,,,1,5
RICKARD_KARSTARK,BRIENNE,Directed,1705,,,1,2
RICKARD_KARSTARK,BRYNDEN,Directed,1706,,,1,5
RICKARD_KARSTARK,EDMURE,Directed,1707,,,1,4
RICKARD_KARSTARK,GREATJON_UMBER,Directed,1708,,,1,2
RICKARD_KARSTARK,MAESTER_WOLKAN,Directed,1709,,,1,4
RICKARD_KARSTARK,RAMSAY,Directed,1710,,,1,8
RICKARD_KARSTARK,ROBB,Directed,1711,,,1,38
RICKARD_KARSTARK,ROOSE_BOLTON,Directed,1712,,,1,5
RICKARD_KARSTARK,TALISA,Directed,1713,,,1,3
RICKARD_KARSTARK,TORRHEN,Directed,1714,,,1,4
RICKARD_KARSTARK,WILLEM_LANNISTER,Directed,1715,,,1,3
RICKARD_KARSTARK,ROSLIN,Directed,1716,,,1,2
RICKARD_KARSTARK,WALDER,Directed,1717,,,1,2
RICKARD_KARSTARK,SMALLJON,Directed,1718,,,1,5
ROBB,ASSASSIN,Directed,1719,,,1,2
ROBB,BENJEN,Directed,1720,,,1,5
ROBB,BLACK_WALDER,Directed,1721,,,1,8
ROBB,BRAN,Directed,1722,,,1,4
ROBB,BRIENNE,Directed,1723,,,1,5
ROBB,BRYNDEN,Directed,1724,,,1,17
ROBB,EDMURE,Directed,1725,,,1,46
ROBB,FREY_DAUGHTER,Directed,1726,,,1,2
ROBB,GALBART_GLOVER,Directed,1727,,,1,2
ROBB,GLOVER,Directed,1728,,,1,2
ROBB,GREATJON_UMBER,Directed,1729,,,1,31
ROBB,HODOR,Directed,1730,,,1,3
ROBB,HOSTER,Directed,1731,,,1,5
ROBB,HOUND,Directed,1732,,,1,2
ROBB,JONOS_BRACKEN,Directed,1733,,,1,5
ROBB,JOYEUSE,Directed,1734,,,1,4
ROBB,LITTLEFINGER,Directed,1735,,,1,2
ROBB,LORAS,Directed,1736,,,1,2
ROBB,LOTHAR,Directed,1737,,,1,3
ROBB,LYANNA_MORMONT,Directed,1738,,,1,4
ROBB,MAESTER_LUWIN,Directed,1739,,,1,17
ROBB,MANDERLY,Directed,1740,,,1,3
ROBB,MARTYN,Directed,1741,,,1,2
ROBB,MOUNTAIN,Directed,1742,,,1,3
ROBB,OLD_NAN,Directed,1743,,,1,4
ROBB,OSHA,Directed,1744,,,1,2
ROBB,QUENT,Directed,1745,,,1,3
ROBB,QYBURN,Directed,1746,,,1,3
ROBB,RAMSAY,Directed,1747,,,1,2
ROBB,RENNICK,Directed,1748,,,1,2
ROBB,RICKON,Directed,1749,,,1,2
ROBB,RODRIK,Directed,1750,,,1,5
ROBB,WALDER,Directed,1751,,,1,2
ROBB,ROOSE_BOLTON,Directed,1752,,,1,17
ROBB,SEPTON,Directed,1753,,,1,3
ROBB,TALISA,Directed,1754,,,1,89
ROBB,ROSLIN,Directed,1755,,,1,6
ROBB,ROBETT,Directed,1756,,,1,3
TALISA,BRYNDEN,Directed,1757,,,1,8
TALISA,EDMURE,Directed,1758,,,1,8
TALISA,JOYEUSE,Directed,1759,,,1,4
TALISA,LOTHAR,Directed,1760,,,1,2
TALISA,MARTYN,Directed,1761,,,1,12
TALISA,QYBURN,Directed,1762,,,1,4
TALISA,ROOSE_BOLTON,Directed,1763,,,1,7
TALISA,ROSLIN,Directed,1764,,,1,4
TALISA,SEPTON,Directed,1765,,,1,2
TALISA,TORRHEN,Directed,1766,,,1,2
TALISA,WALDER,Directed,1767,,,1,10
ALYS,NED_UMBER,Directed,1768,,,1,5
ALYS,BRAN,Directed,1769,,,1,5
ALYS,GREY_WORM,Directed,1770,,,1,5
ALYS,LYANNA_MORMONT,Directed,1771,,,1,5
ALYS,BRIENNE,Directed,1772,,,1,4
ALYS,YOHN_ROYCE,Directed,1773,,,1,4
ALYS,MAESTER_WOLKAN,Directed,1774,,,1,3
ALYS,BERIC,Directed,1775,,,1,2
ALYS,GENDRY,Directed,1776,,,1,2
ALYS,MISSANDEI,Directed,1777,,,1,2
ALYS,QHONO,Directed,1778,,,1,2
NED_UMBER,BERIC,Directed,1779,,,1,3
BRAN,ARTHUR,Directed,1780,,,1,3
BRAN,ASSASSIN,Directed,1781,,,1,2
BRAN,BENJEN,Directed,1782,,,1,29
BRAN,BERIC,Directed,1783,,,1,3
BRAN,BRANDON_STARK,Directed,1784,,,1,2
BRAN,HODOR,Directed,1785,,,1,38
BRAN,HOUND,Directed,1786,,,1,2
BRAN,MAESTER_LUWIN,Directed,1787,,,1,2
BRAN,OLD_NAN,Directed,1788,,,1,2
BRAN,OSHA,Directed,1789,,,1,68
BRAN,RICKON,Directed,1790,,,1,3
BRAN,RODRIK,Directed,1791,,,1,2
BRAN,WILL,Directed,1792,,,1,3
BRAN,DAGMER,Directed,1793,,,1,6
BRAN,FARLEN,Directed,1794,,,1,6
BRAN,WINTERFELL_SHEPHERD,Directed,1795,,,1,3
BRAN,JOJEN,Directed,1796,,,1,42
BRAN,MEERA,Directed,1797,,,1,21
BRAN,ORELL,Directed,1798,,,1,4
BRAN,GILLY,Directed,1799,,,1,3
BRAN,FARMER,Directed,1800,,,1,2
BRAN,THREE_EYED_RAVEN,Directed,1801,,,1,76
BRAN,KARL_TANNER,Directed,1802,,,1,7
BRAN,LEAF,Directed,1803,,,1,19
BRAN,CRASTERS_BABY,Directed,1804,,,1,3
BRAN,RAMSAY,Directed,1805,,,1,3
BRAN,NIGHT_KING,Directed,1806,,,1,15
BRAN,LYANNA,Directed,1807,,,1,7
BRAN,HOWLAND,Directed,1808,,,1,2
BRAN,JAQEN,Directed,1809,,,1,2
BRAN,LITTLEFINGER,Directed,1810,,,1,19
BRAN,MAESTER_WOLKAN,Directed,1811,,,1,4
BRAN,YOHN_ROYCE,Directed,1812,,,1,6
BRAN,BRIENNE,Directed,1813,,,1,11
BRAN,PODRICK,Directed,1814,,,1,3
BRAN,GREY_WORM,Directed,1815,,,1,15
BRAN,MISSANDEI,Directed,1816,,,1,6
BRAN,LYANNA_MORMONT,Directed,1817,,,1,5
BRAN,GENDRY,Directed,1818,,,1,4
BRAN,QHONO,Directed,1819,,,1,4
BRAN,BRONN,Directed,1820,,,1,3
BRAN,DORNISH_PRINCE,Directed,1821,,,1,2
BRAN,EDMURE,Directed,1822,,,1,2
BRAN,IRONBORN_LORD,Directed,1823,,,1,2
BRAN,RIVERLANDS_LORD,Directed,1824,,,1,2
BRAN,ROBIN,Directed,1825,,,1,2
BRAN,VALE_LORD,Directed,1826,,,1,2
GREY_WORM,BELICHO,Directed,1827,,,1,5
GREY_WORM,BERIC,Directed,1828,,,1,12
GREY_WORM,BRIENNE,Directed,1829,,,1,23
GREY_WORM,BRONN,Directed,1830,,,1,2
GREY_WORM,DAARIO,Directed,1831,,,1,20
GREY_WORM,DORNISH_PRINCE,Directed,1832,,,1,2
GREY_WORM,EDMURE,Directed,1833,,,1,2
GREY_WORM,ELDER_MEEREEN_SLAVE,Directed,1834,,,1,4
GREY_WORM,ELLARIA,Directed,1835,,,1,2
GREY_WORM,GENDRY,Directed,1836,,,1,16
GREY_WORM,GOATHERD,Directed,1837,,,1,2
GREY_WORM,MERO,Directed,1838,,,1,2
GREY_WORM,MISSANDEI,Directed,1839,,,1,27
GREY_WORM,MOSSADOR,Directed,1840,,,1,3
GREY_WORM,YEZZAN,Directed,1841,,,1,10
GREY_WORM,RAZDAL,Directed,1842,,,1,7
GREY_WORM,LYANNA_MORMONT,Directed,1843,,,1,7
GREY_WORM,PODRICK,Directed,1844,,,1,7
GREY_WORM,HOUND,Directed,1845,,,1,6
GREY_WORM,QHONO,Directed,1846,,,1,6
GREY_WORM,YOHN_ROYCE,Directed,1847,,,1,5
GREY_WORM,MAESTER_WOLKAN,Directed,1848,,,1,4
GREY_WORM,MOUNTAIN,Directed,1849,,,1,3
GREY_WORM,UNSULLIED_CAPTAIN,Directed,1850,,,1,3
GREY_WORM,HARRY,Directed,1851,,,1,2
GREY_WORM,IRONBORN_LORD,Directed,1852,,,1,2
GREY_WORM,RIVERLANDS_LORD,Directed,1853,,,1,2
GREY_WORM,ROBIN,Directed,1854,,,1,2
GREY_WORM,VALE_LORD,Directed,1855,,,1,2
LYANNA_MORMONT,BERIC,Directed,1856,,,1,4
LYANNA_MORMONT,BRIENNE,Directed,1857,,,1,7
LYANNA_MORMONT,GENDRY,Directed,1858,,,1,2
LYANNA_MORMONT,HARALD,Directed,1859,,,1,2
LYANNA_MORMONT,LITTLEFINGER,Directed,1860,,,1,4
LYANNA_MORMONT,MAESTER_MORMONT,Directed,1861,,,1,7
LYANNA_MORMONT,RAMSAY,Directed,1862,,,1,3
LYANNA_MORMONT,MANDERLY,Directed,1863,,,1,2
LYANNA_MORMONT,SMALLJON,Directed,1864,,,1,2
LYANNA_MORMONT,ROBETT,Directed,1865,,,1,11
LYANNA_MORMONT,YOHN_ROYCE,Directed,1866,,,1,4
LYANNA_MORMONT,PODRICK,Directed,1867,,,1,2
LYANNA_MORMONT,QHONO,Directed,1868,,,1,4
LYANNA_MORMONT,MISSANDEI,Directed,1869,,,1,3
BRIENNE,BERIC,Directed,1870,,,1,10
BRIENNE,COLEN,Directed,1871,,,1,2
BRIENNE,JACKS,Directed,1872,,,1,7
BRIENNE,LITTLEFINGER,Directed,1873,,,1,14
BRIENNE,LORAS,Directed,1874,,,1,2
BRIENNE,MARGAERY,Directed,1875,,,1,12
BRIENNE,ROOSE_BOLTON,Directed,1876,,,1,9
BRIENNE,SELWYN,Directed,1877,,,1,2
BRIENNE,PODRICK,Directed,1878,,,1,31
BRIENNE,HOT_PIE,Directed,1879,,,1,2
BRIENNE,HOUND,Directed,1880,,,1,7
BRIENNE,BRONN,Directed,1881,,,1,5
BRIENNE,BRYNDEN,Directed,1882,,,1,32
BRIENNE,ROBETT,Directed,1883,,,1,4
BRIENNE,YOHN_ROYCE,Directed,1884,,,1,6
BRIENNE,MOUNTAIN,Directed,1885,,,1,3
BRIENNE,QYBURN,Directed,1886,,,1,3
BRIENNE,QHONO,Directed,1887,,,1,4
BRIENNE,GENDRY,Directed,1888,,,1,13
BRIENNE,MAESTER_WOLKAN,Directed,1889,,,1,6
BRIENNE,MISSANDEI,Directed,1890,,,1,6
BRIENNE,DORNISH_PRINCE,Directed,1891,,,1,2
BRIENNE,EDMURE,Directed,1892,,,1,2
BRIENNE,IRONBORN_LORD,Directed,1893,,,1,2
BRIENNE,RIVERLANDS_LORD,Directed,1894,,,1,2
BRIENNE,ROBIN,Directed,1895,,,1,2
BRIENNE,VALE_LORD,Directed,1896,,,1,2
YOHN_ROYCE,ANYA_WAYNWOOD,Directed,1897,,,1,10
YOHN_ROYCE,BERIC,Directed,1898,,,1,2
YOHN_ROYCE,DORNISH_PRINCE,Directed,1899,,,1,2
YOHN_ROYCE,EDMURE,Directed,1900,,,1,4
YOHN_ROYCE,GENDRY,Directed,1901,,,1,3
YOHN_ROYCE,IRONBORN_LORD,Directed,1902,,,1,2
YOHN_ROYCE,LITTLEFINGER,Directed,1903,,,1,11
YOHN_ROYCE,LYSA,Directed,1904,,,1,4
YOHN_ROYCE,MAESTER_WOLKAN,Directed,1905,,,1,4
YOHN_ROYCE,MISSANDEI,Directed,1906,,,1,2
YOHN_ROYCE,PODRICK,Directed,1907,,,1,2
YOHN_ROYCE,QHONO,Directed,1908,,,1,2
YOHN_ROYCE,RIVERLANDS_LORD,Directed,1909,,,1,3
YOHN_ROYCE,ROBETT,Directed,1910,,,1,8
YOHN_ROYCE,ROBIN,Directed,1911,,,1,3
YOHN_ROYCE,VALE_LORD,Directed,1912,,,1,2
YOHN_ROYCE,VANCE_CORBRAY,Directed,1913,,,1,3
MAESTER_WOLKAN,DORNISH_PRINCE,Directed,1914,,,1,2
MAESTER_WOLKAN,EDMURE,Directed,1915,,,1,3
MAESTER_WOLKAN,GENDRY,Directed,1916,,,1,2
MAESTER_WOLKAN,IRONBORN_LORD,Directed,1917,,,1,2
MAESTER_WOLKAN,LITTLEFINGER,Directed,1918,,,1,11
MAESTER_WOLKAN,ROOSE_BOLTON,Directed,1919,,,1,2
MAESTER_WOLKAN,RAMSAY,Directed,1920,,,1,12
MAESTER_WOLKAN,MYRANDA,Directed,1921,,,1,4
MAESTER_WOLKAN,MARWYN,Directed,1922,,,1,2
MAESTER_WOLKAN,MISSANDEI,Directed,1923,,,1,2
MAESTER_WOLKAN,QHONO,Directed,1924,,,1,2
MAESTER_WOLKAN,RIVERLANDS_LORD,Directed,1925,,,1,2
MAESTER_WOLKAN,ROBIN,Directed,1926,,,1,4
MAESTER_WOLKAN,VALE_LORD,Directed,1927,,,1,2
BERIC,ANGUY,Directed,1928,,,1,11
BERIC,THOROS,Directed,1929,,,1,30
BERIC,HOUND,Directed,1930,,,1,34
BERIC,GENDRY,Directed,1931,,,1,6
BERIC,MOUNTAIN,Directed,1932,,,1,3
BERIC,LEM,Directed,1933,,,1,3
BERIC,NIGHT_KING,Directed,1934,,,1,2
BERIC,GILLY,Directed,1935,,,1,2
BERIC,PODRICK,Directed,1936,,,1,2
BERIC,QHONO,Directed,1937,,,1,2
BERIC,TEELA,Directed,1938,,,1,2
GENDRY,ANGUY,Directed,1939,,,1,11
GENDRY,DORNISH_PRINCE,Directed,1940,,,1,2
GENDRY,EDMURE,Directed,1941,,,1,2
GENDRY,HOT_PIE,Directed,1942,,,1,9
GENDRY,TOBHO_MOTT,Directed,1943,,,1,5
GENDRY,YOREN,Directed,1944,,,1,7
GENDRY,JAQEN,Directed,1945,,,1,4
GENDRY,LOMMY,Directed,1946,,,1,4
GENDRY,MOUNTAIN,Directed,1947,,,1,3
GENDRY,RORGE,Directed,1948,,,1,3
GENDRY,TICKLER,Directed,1949,,,1,6
GENDRY,THOROS,Directed,1950,,,1,14
GENDRY,HOUND,Directed,1951,,,1,26
GENDRY,PODRICK,Directed,1952,,,1,8
GENDRY,VALE_LORD,Directed,1953,,,1,3
GENDRY,IRONBORN_LORD,Directed,1954,,,1,2
GENDRY,QHONO,Directed,1955,,,1,2
GENDRY,RIVERLANDS_LORD,Directed,1956,,,1,2
GENDRY,ROBIN,Directed,1957,,,1,2
MISSANDEI,BELICHO,Directed,1958,,,1,5
MISSANDEI,DAARIO,Directed,1959,,,1,16
MISSANDEI,ELLARIA,Directed,1960,,,1,2
MISSANDEI,FENNESZ,Directed,1961,,,1,2
MISSANDEI,GILLY,Directed,1962,,,1,4
MISSANDEI,GOATHERD,Directed,1963,,,1,6
MISSANDEI,GREIZHEN,Directed,1964,,,1,4
MISSANDEI,HIZDAHR,Directed,1965,,,1,8
MISSANDEI,HOUND,Directed,1966,,,1,2
MISSANDEI,KRAZNYS_MO_NAKLOZ,Directed,1967,,,1,2
MISSANDEI,LITTLE_SAM,Directed,1968,,,1,2
MISSANDEI,MERO,Directed,1969,,,1,6
MISSANDEI,PRENDAHL,Directed,1970,,,1,3
MISSANDEI,RADZAI_MO_ERAZ,Directed,1971,,,1,3
MISSANDEI,ZALA,Directed,1972,,,1,2
MISSANDEI,RAZDAL,Directed,1973,,,1,7
MISSANDEI,YEZZAN,Directed,1974,,,1,7
MISSANDEI,MOUNTAIN,Directed,1975,,,1,5
MISSANDEI,QYBURN,Directed,1976,,,1,3
MISSANDEI,PODRICK,Directed,1977,,,1,2
MISSANDEI,QHONO,Directed,1978,,,1,2
QHONO,HOUND,Directed,1979,,,1,2
QHONO,PODRICK,Directed,1980,,,1,2
AMORY,HOT_PIE,Directed,1981,,,1,2
AMORY,JAQEN,Directed,1982,,,1,3
AMORY,POLLIVER,Directed,1983,,,1,3
AMORY,YOREN,Directed,1984,,,1,8
HOT_PIE,ANGUY,Directed,1985,,,1,2
HOT_PIE,LOMMY_GREENHANDS,Directed,1986,,,1,12
HOT_PIE,JAQEN,Directed,1987,,,1,3
HOT_PIE,LOMMY,Directed,1988,,,1,10
HOT_PIE,MOUNTAIN,Directed,1989,,,1,3
HOT_PIE,POLLIVER,Directed,1990,,,1,2
HOT_PIE,TICKLER,Directed,1991,,,1,2
HOT_PIE,THOROS,Directed,1992,,,1,6
HOT_PIE,PODRICK,Directed,1993,,,1,5
JAQEN,BITER,Directed,1994,,,1,5
JAQEN,RORGE,Directed,1995,,,1,9
JAQEN,YOREN,Directed,1996,,,1,2
JAQEN,WAIF,Directed,1997,,,1,20
JAQEN,THIN_MAN,Directed,1998,,,1,11
JAQEN,MACE,Directed,1999,,,1,2
JAQEN,MERYN_TRANT,Directed,2000,,,1,2
JAQEN,TYCHO,Directed,2001,,,1,2
POLLIVER,HOUND,Directed,2002,,,1,29
POLLIVER,INNKEEPER,Directed,2003,,,1,3
POLLIVER,LOMMY,Directed,2004,,,1,6
POLLIVER,MOUNTAIN,Directed,2005,,,1,2
POLLIVER,TOMMY,Directed,2006,,,1,2
YOREN,BAELOR,Directed,2007,,,1,4
YOREN,BENJEN,Directed,2008,,,1,5
YOREN,BITER,Directed,2009,,,1,2
YOREN,HOUND,Directed,2010,,,1,2
YOREN,ILYN_PAYNE,Directed,2011,,,1,4
YOREN,LITTLEFINGER,Directed,2012,,,1,2
YOREN,MARILLION,Directed,2013,,,1,2
YOREN,RORGE,Directed,2014,,,1,3
ANGUY,HOUND,Directed,2015,,,1,20
ANGUY,THOROS,Directed,2016,,,1,20
HOUND,BAELOR,Directed,2017,,,1,2
HOUND,BITER,Directed,2018,,,1,2
HOUND,BRONN,Directed,2019,,,1,3
HOUND,DONNEL_WAYNWOOD,Directed,2020,,,1,3
HOUND,DYING_MAN,Directed,2021,,,1,12
HOUND,EDMURE,Directed,2022,,,1,2
HOUND,FARMER_HAMLET,Directed,2023,,,1,20
HOUND,GATINS,Directed,2024,,,1,9
HOUND,HAYLENE,Directed,2025,,,1,4
HOUND,ILYN_PAYNE,Directed,2026,,,1,2
HOUND,LITTLEFINGER,Directed,2027,,,1,5
HOUND,LORAS,Directed,2028,,,1,4
HOUND,MERYN_TRANT,Directed,2029,,,1,2
HOUND,MOUNTAIN,Directed,2030,,,1,27
HOUND,LANCEL,Directed,2031,,,1,9
HOUND,PODRICK,Directed,2032,,,1,4
HOUND,SHAE,Directed,2033,,,1,3
HOUND,TOMMEN,Directed,2034,,,1,2
HOUND,THOROS,Directed,2035,,,1,57
HOUND,ROOSE_BOLTON,Directed,2036,,,1,2
HOUND,LYSA,Directed,2037,,,1,6
HOUND,RORGE,Directed,2038,,,1,6
HOUND,SALLY,Directed,2039,,,1,6
HOUND,INNKEEPER,Directed,2040,,,1,3
HOUND,SYRIO_FOREL,Directed,2041,,,1,3
HOUND,INNKEEPERS_DAUGHTER,Directed,2042,,,1,2
HOUND,LOMMY,Directed,2043,,,1,2
HOUND,TOMMY,Directed,2044,,,1,2
HOUND,RAY,Directed,2045,,,1,41
HOUND,LEM,Directed,2046,,,1,6
HOUND,NIGHT_KING,Directed,2047,,,1,5
HOUND,QYBURN,Directed,2048,,,1,4
HOUND,WHITE_WALKER,Directed,2049,,,1,2
HOUND,NORA,Directed,2050,,,1,4
HOUND,SARRA,Directed,2051,,,1,3
HOUND,VICKY,Directed,2052,,,1,3
HOUND,WILLA,Directed,2053,,,1,2
THOROS,LEM,Directed,2054,,,1,3
THOROS,MOUNTAIN,Directed,2055,,,1,2
ANYA_WAYNWOOD,LITTLEFINGER,Directed,2056,,,1,21
ANYA_WAYNWOOD,LYSA,Directed,2057,,,1,3
ANYA_WAYNWOOD,ROBIN,Directed,2058,,,1,2
ANYA_WAYNWOOD,VANCE_CORBRAY,Directed,2059,,,1,2
LITTLEFINGER,DONTOS,Directed,2060,,,1,11
LITTLEFINGER,HOSTER,Directed,2061,,,1,2
LITTLEFINGER,HUGH_OF_THE_VALE,Directed,2062,,,1,4
LITTLEFINGER,JON_ARRYN,Directed,2063,,,1,4
LITTLEFINGER,JORY_CASSEL,Directed,2064,,,1,7
LITTLEFINGER,LANCEL,Directed,2065,,,1,14
LITTLEFINGER,LORAS,Directed,2066,,,1,2
LITTLEFINGER,MHAEGEN,Directed,2067,,,1,2
LITTLEFINGER,MOUNTAIN,Directed,2068,,,1,6
LITTLEFINGER,ROS,Directed,2069,,,1,3
LITTLEFINGER,MARGAERY,Directed,2070,,,1,28
LITTLEFINGER,MYRCELLA,Directed,2071,,,1,2
LITTLEFINGER,ROBIN,Directed,2072,,,1,15
LITTLEFINGER,OLYVAR,Directed,2073,,,1,2
LITTLEFINGER,SHAE,Directed,2074,,,1,3
LITTLEFINGER,PODRICK,Directed,2075,,,1,5
LITTLEFINGER,LYSA,Directed,2076,,,1,3
LITTLEFINGER,VANCE_CORBRAY,Directed,2077,,,1,2
LITTLEFINGER,ROOSE_BOLTON,Directed,2078,,,1,22
LITTLEFINGER,RAMSAY,Directed,2079,,,1,2
LITTLEFINGER,ROYCE,Directed,2080,,,1,9
LITTLEFINGER,LYANNA,Directed,2081,,,1,3
LITTLEFINGER,MYRANDA,Directed,2082,,,1,2
LITTLEFINGER,TOMMEN,Directed,2083,,,1,2
LITTLEFINGER,WALDA,Directed,2084,,,1,2
LITTLEFINGER,SMALLJON,Directed,2085,,,1,2
LITTLEFINGER,ROBETT,Directed,2086,,,1,6
LITTLEFINGER,MEERA,Directed,2087,,,1,3
LYSA,BRONN,Directed,2088,,,1,5
LYSA,HOSTER,Directed,2089,,,1,3
LYSA,JON_ARRYN,Directed,2090,,,1,2
LYSA,MORD,Directed,2091,,,1,5
LYSA,ROBIN,Directed,2092,,,1,17
LYSA,VARDIS_EGEN,Directed,2093,,,1,7
ROBIN,BRONN,Directed,2094,,,1,3
ROBIN,DORNISH_PRINCE,Directed,2095,,,1,3
ROBIN,EDMURE,Directed,2096,,,1,3
ROBIN,IRONBORN_LORD,Directed,2097,,,1,2
ROBIN,JON_ARRYN,Directed,2098,,,1,2
ROBIN,MORD,Directed,2099,,,1,3
ROBIN,MYRCELLA,Directed,2100,,,1,3
ROBIN,RIVERLANDS_LORD,Directed,2101,,,1,2
ROBIN,VARDIS_EGEN,Directed,2102,,,1,3
ROBIN,ROYCE,Directed,2103,,,1,2
ROBIN,VALE_LORD,Directed,2104,,,1,2
AREO,DORAN,Directed,2105,,,1,3
AREO,BRONN,Directed,2106,,,1,19
AREO,ELLARIA,Directed,2107,,,1,3
AREO,MYRCELLA,Directed,2108,,,1,15
AREO,TRYSTANE,Directed,2109,,,1,8
AREO,OBARA,Directed,2110,,,1,7
AREO,NYMERIA,Directed,2111,,,1,4
AREO,TYENE,Directed,2112,,,1,3
AREO,MAESTER_DORNE,Directed,2113,,,1,2
DORAN,BRONN,Directed,2114,,,1,6
DORAN,OBERYN,Directed,2115,,,1,3
DORAN,ELLARIA,Directed,2116,,,1,8
DORAN,MYRCELLA,Directed,2117,,,1,9
DORAN,TRYSTANE,Directed,2118,,,1,9
DORAN,TOMMEN,Directed,2119,,,1,3
DORAN,OBARA,Directed,2120,,,1,2
DORAN,TYENE,Directed,2121,,,1,4
DORAN,MAESTER_DORNE,Directed,2122,,,1,5
BRONN,BLACK_WALDER,Directed,2123,,,1,5
BRONN,MARILLION,Directed,2124,,,1,2
BRONN,MORD,Directed,2125,,,1,3
BRONN,RODRIK,Directed,2126,,,1,6
BRONN,SHAE,Directed,2127,,,1,3
BRONN,SHAGGA,Directed,2128,,,1,5
BRONN,VARDIS_EGEN,Directed,2129,,,1,4
BRONN,HAYLENE,Directed,2130,,,1,10
BRONN,LANCEL,Directed,2131,,,1,6
BRONN,MERYN_TRANT,Directed,2132,,,1,8
BRONN,PODRICK,Directed,2133,,,1,8
BRONN,TIMETT,Directed,2134,,,1,4
BRONN,HIGH_SEPTON,Directed,2135,,,1,2
BRONN,LORAS,Directed,2136,,,1,2
BRONN,MARGAERY,Directed,2137,,,1,2
BRONN,TARYN_MANT,Directed,2138,,,1,2
BRONN,OBERYN,Directed,2139,,,1,8
BRONN,MORGAN,Directed,2140,,,1,4
BRONN,ELLARIA,Directed,2141,,,1,3
BRONN,LOLLYS,Directed,2142,,,1,14
BRONN,MOUNTAIN,Directed,2143,,,1,3
BRONN,FALYSE,Directed,2144,,,1,2
BRONN,MORGANS_FRIEND,Directed,2145,,,1,2
BRONN,TYENE,Directed,2146,,,1,34
BRONN,DORNISH_RIDER,Directed,2147,,,1,12
BRONN,MYRCELLA,Directed,2148,,,1,9
BRONN,OBARA,Directed,2149,,,1,7
BRONN,TRYSTANE,Directed,2150,,,1,6
BRONN,NYMERIA,Directed,2151,,,1,5
BRONN,LOTHAR,Directed,2152,,,1,4
BRONN,EDMURE,Directed,2153,,,1,3
BRONN,BRYNDEN,Directed,2154,,,1,2
BRONN,WALDER,Directed,2155,,,1,2
BRONN,DICKON,Directed,2156,,,1,11
BRONN,RANDYLL,Directed,2157,,,1,8
BRONN,QYBURN,Directed,2158,,,1,20
BRONN,CRAYAH,Directed,2159,,,1,7
BRONN,DIRAH,Directed,2160,,,1,5
BRONN,MAREI,Directed,2161,,,1,5
ELLARIA,OBERYN,Directed,2162,,,1,2
ELLARIA,OLYVAR,Directed,2163,,,1,18
ELLARIA,MAREI,Directed,2164,,,1,9
ELLARIA,MORGAN,Directed,2165,,,1,8
ELLARIA,MOUNTAIN,Directed,2166,,,1,6
ELLARIA,PODRICK,Directed,2167,,,1,4
ELLARIA,LORAS,Directed,2168,,,1,3
ELLARIA,MACE,Directed,2169,,,1,2
ELLARIA,MARGAERY,Directed,2170,,,1,2
ELLARIA,MORGANS_FRIEND,Directed,2171,,,1,2
ELLARIA,OBARA,Directed,2172,,,1,4
ELLARIA,TYENE,Directed,2173,,,1,21
ELLARIA,MYRCELLA,Directed,2174,,,1,10
ELLARIA,NYMERIA,Directed,2175,,,1,2
ELLARIA,TRYSTANE,Directed,2176,,,1,4
ELLARIA,MAESTER_DORNE,Directed,2177,,,1,2
ELLARIA,QYBURN,Directed,2178,,,1,6
MYRCELLA,HIGH_SEPTON,Directed,2179,,,1,2
MYRCELLA,MOUNTAIN,Directed,2180,,,1,2
MYRCELLA,TOMMEN,Directed,2181,,,1,4
MYRCELLA,TRYSTANE,Directed,2182,,,1,24
MYRCELLA,OBERYN,Directed,2183,,,1,2
MYRCELLA,OBARA,Directed,2184,,,1,6
TRYSTANE,NYMERIA,Directed,2185,,,1,7
TRYSTANE,OBARA,Directed,2186,,,1,6
OBARA,NYMERIA,Directed,2187,,,1,9
OBARA,TYENE,Directed,2188,,,1,7
OBARA,OBERYN,Directed,2189,,,1,3
NYMERIA,TYENE,Directed,2190,,,1,4
TYENE,MAESTER_DORNE,Directed,2191,,,1,2
TYENE,MOUNTAIN,Directed,2192,,,1,4
TYENE,QYBURN,Directed,2193,,,1,5
ARTHUR,HOWLAND,Directed,2194,,,1,4
ARTHUR,THREE_EYED_RAVEN,Directed,2195,,,1,3
HOWLAND,THREE_EYED_RAVEN,Directed,2196,,,1,3
HOWLAND,MEERA,Directed,2197,,,1,2
THREE_EYED_RAVEN,BENJEN,Directed,2198,,,1,7
THREE_EYED_RAVEN,HODOR,Directed,2199,,,1,15
THREE_EYED_RAVEN,JOJEN,Directed,2200,,,1,3
THREE_EYED_RAVEN,LEAF,Directed,2201,,,1,8
THREE_EYED_RAVEN,LYANNA,Directed,2202,,,1,3
THREE_EYED_RAVEN,MEERA,Directed,2203,,,1,11
THREE_EYED_RAVEN,NIGHT_KING,Directed,2204,,,1,5
THREE_EYED_RAVEN,OLD_NAN,Directed,2205,,,1,2
ARTHUR_CHILD,QYBURN,Directed,2206,,,1,6
QYBURN,BALERION,Directed,2207,,,1,3
QYBURN,CRAYAH,Directed,2208,,,1,3
QYBURN,HIGH_SEPTON,Directed,2209,,,1,6
QYBURN,LANCEL,Directed,2210,,,1,2
QYBURN,MACE,Directed,2211,,,1,9
QYBURN,MERYN_TRANT,Directed,2212,,,1,4
QYBURN,MOUNTAIN,Directed,2213,,,1,12
QYBURN,ROOSE_BOLTON,Directed,2214,,,1,4
QYBURN,SELWYN,Directed,2215,,,1,2
QYBURN,TOMMEN,Directed,2216,,,1,8
QYBURN,RANDYLL,Directed,2217,,,1,2
BAELOR,ILYN_PAYNE,Directed,2218,,,1,3
BAELOR,HIGH_SEPTON,Directed,2219,,,1,2
ILLYRIO,DROGO,Directed,2220,,,1,6
ILLYRIO,VISERYS,Directed,2221,,,1,25
ILYN_PAYNE,MERYN_TRANT,Directed,2222,,,1,2
ILYN_PAYNE,LANCEL,Directed,2223,,,1,2
ILYN_PAYNE,SHAE,Directed,2224,,,1,4
ILYN_PAYNE,TOMMEN,Directed,2225,,,1,2
JORY_CASSEL,HUGH_OF_THE_VALE,Directed,2226,,,1,7
JORY_CASSEL,MHAEGEN,Directed,2227,,,1,2
MERYN_TRANT,BOROS,Directed,2228,,,1,2
MERYN_TRANT,DONTOS,Directed,2229,,,1,4
MERYN_TRANT,HIGH_SPARROW,Directed,2230,,,1,2
MERYN_TRANT,MACE,Directed,2231,,,1,2
MERYN_TRANT,MADAME,Directed,2232,,,1,6
MERYN_TRANT,MARILLION,Directed,2233,,,1,2
MERYN_TRANT,SYRIO_FOREL,Directed,2234,,,1,2
MERYN_TRANT,TOMMEN,Directed,2235,,,1,2
MERYN_TRANT,TARYN_MANT,Directed,2236,,,1,8
MERYN_TRANT,PODRICK,Directed,2237,,,1,3
MERYN_TRANT,ROOSE_BOLTON,Directed,2238,,,1,4
MERYN_TRANT,MOUNTAIN,Directed,2239,,,1,2
MERYN_TRANT,THIN_MAN,Directed,2240,,,1,2
MERYN_TRANT,TYCHO,Directed,2241,,,1,2
BITER,RORGE,Directed,2242,,,1,2
MOUNTAIN,EDMURE,Directed,2243,,,1,2
MOUNTAIN,ELIA,Directed,2244,,,1,4
MOUNTAIN,HUGH_OF_THE_VALE,Directed,2245,,,1,2
MOUNTAIN,LORAS,Directed,2246,,,1,4
MOUNTAIN,MACE,Directed,2247,,,1,2
MOUNTAIN,OBERYN,Directed,2248,,,1,4
MOUNTAIN,SHAE,Directed,2249,,,1,2
MOUNTAIN,RANDYLL,Directed,2250,,,1,2
RHAENYS,VISENYA,Directed,2251,,,1,2
ROOSE_BOLTON,BRYNDEN,Directed,2252,,,1,8
ROOSE_BOLTON,EDMURE,Directed,2253,,,1,3
ROOSE_BOLTON,MYRANDA,Directed,2254,,,1,4
ROOSE_BOLTON,RAMSAY,Directed,2255,,,1,25
ROOSE_BOLTON,WALDER,Directed,2256,,,1,23
ROOSE_BOLTON,STEELSHANKS_WALTON,Directed,2257,,,1,3
ROOSE_BOLTON,WALDA,Directed,2258,,,1,3
ROOSE_BOLTON,SMALLJON,Directed,2259,,,1,3
FARMER_HAMLET,SALLY,Directed,2260,,,1,11
PODRICK,BRYNDEN,Directed,2261,,,1,6
PODRICK,GILLY,Directed,2262,,,1,2
PODRICK,HAYLENE,Directed,2263,,,1,2
PODRICK,LITTLE_SAM,Directed,2264,,,1,2
PODRICK,MACE,Directed,2265,,,1,2
PODRICK,MANDON,Directed,2266,,,1,6
PODRICK,OBERYN,Directed,2267,,,1,5
PODRICK,SHAE,Directed,2268,,,1,2
PODRICK,ROBETT,Directed,2269,,,1,2
INNKEEPER,TOMMY,Directed,2270,,,1,2
WAIF,LADY_CRANE,Directed,2271,,,1,2
WAIF,THIN_MAN,Directed,2272,,,1,2
THIN_MAN,MACE,Directed,2273,,,1,2
THIN_MAN,TYCHO,Directed,2274,,,1,2
MACE,HIGH_SEPTON,Directed,2275,,,1,5
MACE,HIGH_SPARROW,Directed,2276,,,1,6
MACE,LANCEL,Directed,2277,,,1,2
MACE,LORAS,Directed,2278,,,1,3
MACE,MARGAERY,Directed,2279,,,1,9
MACE,OBERYN,Directed,2280,,,1,14
MACE,TOMMEN,Directed,2281,,,1,2
MACE,SHAE,Directed,2282,,,1,5
MACE,TYCHO,Directed,2283,,,1,19
TYCHO,TOMMEN,Directed,2284,,,1,2
WALDER,BLACK_WALDER,Directed,2285,,,1,15
WALDER,BRYNDEN,Directed,2286,,,1,5
WALDER,EDMURE,Directed,2287,,,1,5
WALDER,FREY_SEPTON,Directed,2288,,,1,2
WALDER,GREATJON_UMBER,Directed,2289,,,1,2
WALDER,HOSTER,Directed,2290,,,1,3
WALDER,JOYEUSE,Directed,2291,,,1,4
WALDER,LOTHAR,Directed,2292,,,1,9
WALDER,MERRY,Directed,2293,,,1,3
WALDER,ROSLIN,Directed,2294,,,1,8
WALDER,RYGER_RIVERS,Directed,2295,,,1,4
WALDER,STEVRON_FREY,Directed,2296,,,1,4
LADY_CRANE,BIANCA,Directed,2297,,,1,16
LADY_CRANE,BOBONO,Directed,2298,,,1,16
LADY_CRANE,CAMELLO,Directed,2299,,,1,21
LADY_CRANE,CLARENZO,Directed,2300,,,1,11
LADY_CRANE,IZEMBARO,Directed,2301,,,1,16
LADY_CRANE,MARGAERY,Directed,2302,,,1,2
BIANCA,IZEMBARO,Directed,2303,,,1,13
BIANCA,BOBONO,Directed,2304,,,1,10
BIANCA,CLARENZO,Directed,2305,,,1,8
BIANCA,CAMELLO,Directed,2306,,,1,4
BIANCA,MARGAERY,Directed,2307,,,1,2
IZEMBARO,BOBONO,Directed,2308,,,1,9
IZEMBARO,CAMELLO,Directed,2309,,,1,6
IZEMBARO,CLARENZO,Directed,2310,,,1,9
CLARENZO,BOBONO,Directed,2311,,,1,10
CLARENZO,CAMELLO,Directed,2312,,,1,6
CLARENZO,MARGAERY,Directed,2313,,,1,3
BOBONO,CAMELLO,Directed,2314,,,1,7
BOBONO,MARGAERY,Directed,2315,,,1,2
RICKON,BILLY,Directed,2316,,,1,2
RICKON,DAGMER,Directed,2317,,,1,4
RICKON,FARLEN,Directed,2318,,,1,2
RICKON,FARMER,Directed,2319,,,1,2
RICKON,HODOR,Directed,2320,,,1,9
RICKON,JOJEN,Directed,2321,,,1,9
RICKON,MAESTER_LUWIN,Directed,2322,,,1,4
RICKON,MEERA,Directed,2323,,,1,13
RICKON,ORELL,Directed,2324,,,1,3
RICKON,OSHA,Directed,2325,,,1,16
RICKON,RAMSAY,Directed,2326,,,1,13
RICKON,RODRIK,Directed,2327,,,1,2
RICKON,SMALLJON,Directed,2328,,,1,6
ROBETT,GLOVER,Directed,2329,,,1,2
NORA,VICKY,Directed,2330,,,1,22
NIGHT_KING,CRASTERS_BABY,Directed,2331,,,1,2
NIGHT_KING,HODOR,Directed,2332,,,1,4
NIGHT_KING,KARSI,Directed,2333,,,1,2
NIGHT_KING,LEAF,Directed,2334,,,1,6
NIGHT_KING,MEERA,Directed,2335,,,1,7
NIGHT_KING,WHITE_WALKER,Directed,2336,,,1,2
DORNISH_PRINCE,EDMURE,Directed,2337,,,1,2
DORNISH_PRINCE,IRONBORN_LORD,Directed,2338,,,1,2
DORNISH_PRINCE,RIVERLANDS_LORD,Directed,2339,,,1,2
DORNISH_PRINCE,VALE_LORD,Directed,2340,,,1,2
EDMURE,BLACK_WALDER,Directed,2341,,,1,9
EDMURE,BRYNDEN,Directed,2342,,,1,11
EDMURE,ROSLIN,Directed,2343,,,1,12
EDMURE,LOTHAR,Directed,2344,,,1,6
EDMURE,FREY_SEPTON,Directed,2345,,,1,4
EDMURE,JOYEUSE,Directed,2346,,,1,2
EDMURE,GUARD_CAPTAIN,Directed,2347,,,1,7
EDMURE,HOSTER,Directed,2348,,,1,2
EDMURE,SON_OF_EDMURE,Directed,2349,,,1,2
EDMURE,RIVERLANDS_LORD,Directed,2350,,,1,3
EDMURE,IRONBORN_LORD,Directed,2351,,,1,2
EDMURE,VALE_LORD,Directed,2352,,,1,2
IRONBORN_LORD,VALE_LORD,Directed,2353,,,1,3
IRONBORN_LORD,RIVERLANDS_LORD,Directed,2354,,,1,2
RIVERLANDS_LORD,VALE_LORD,Directed,2355,,,1,2
AXELL_FLORENT,SELYSE,Directed,2356,,,1,4
SELYSE,GILLY,Directed,2357,,,1,6
HIGH_SEPTON,MARGAERY,Directed,2358,,,1,4
HIGH_SEPTON,LORAS,Directed,2359,,,1,2
HIGH_SEPTON,TOMMEN,Directed,2360,,,1,5
HIGH_SEPTON,OLYVAR,Directed,2361,,,1,11
HIGH_SEPTON,LANCEL,Directed,2362,,,1,6
HIGH_SEPTON,HIGH_SPARROW,Directed,2363,,,1,4
RAMSAY,CERWYN,Directed,2364,,,1,2
RAMSAY,HARALD,Directed,2365,,,1,4
RAMSAY,MYRANDA,Directed,2366,,,1,8
RAMSAY,OSHA,Directed,2367,,,1,23
RAMSAY,VIOLET,Directed,2368,,,1,2
RAMSAY,TANSY,Directed,2369,,,1,15
RAMSAY,WALDA,Directed,2370,,,1,20
RAMSAY,SMALLJON,Directed,2371,,,1,34
RAMSAY,SON_OFWALDA,Directed,2372,,,1,11
BALON_DWARF,ROBB_DWARF,Directed,2373,,,1,8
BALON_DWARF,JOFFREY_DWARF,Directed,2374,,,1,4
BALON_DWARF,STANNIS_DWARF,Directed,2375,,,1,4
BALON_DWARF,RENLY_DWARF,Directed,2376,,,1,3
ROBB_DWARF,JOFFREY_DWARF,Directed,2377,,,1,6
ROBB_DWARF,MARGAERY,Directed,2378,,,1,2
ROBB_DWARF,RENLY_DWARF,Directed,2379,,,1,2
JOFFREY_DWARF,STANNIS_DWARF,Directed,2380,,,1,3
JOFFREY_DWARF,MARGAERY,Directed,2381,,,1,2
JOFFREY_DWARF,RENLY_DWARF,Directed,2382,,,1,2
STANNIS_DWARF,LORAS,Directed,2383,,,1,2
STANNIS_DWARF,RENLY_DWARF,Directed,2384,,,1,7
RENLY_DWARF,LORAS,Directed,2385,,,1,2
BARRA,MHAEGEN,Directed,2386,,,1,4
MHAEGEN,ROS,Directed,2387,,,1,2
LANCEL,HIGH_SPARROW,Directed,2388,,,1,8
LANCEL,SHAE,Directed,2389,,,1,2
LANCEL,TOMMEN,Directed,2390,,,1,2
LANCEL,LORAS,Directed,2391,,,1,5
LANCEL,OLYVAR,Directed,2392,,,1,2
LANCEL,MARGAERY,Directed,2393,,,1,6
LANCEL,SEPTA_UNELLA,Directed,2394,,,1,2
DAARIO,MERO,Directed,2395,,,1,17
DAARIO,PRENDAHL,Directed,2396,,,1,7
DAARIO,MEEREEN_CHAMPION,Directed,2397,,,1,4
DAARIO,HIZDAHR,Directed,2398,,,1,24
DAARIO,MOSSADOR,Directed,2399,,,1,6
DAARIO,QUICK,Directed,2400,,,1,2
DAARIO,STRONG,Directed,2401,,,1,2
DAARIO,LHAZAREEN_WOMAN,Directed,2402,,,1,4
DAARIO,DOSH_KHALEEN_LEADER,Directed,2403,,,1,2
DAARIO,KHAL_MORO,Directed,2404,,,1,2
KRAZNYS_MO_NAKLOZ,GREIZHEN,Directed,2405,,,1,2
GOATHERD,GOATHERDS_SON,Directed,2406,,,1,2
MOSSADOR,ELDER_MEEREEN_SLAVE,Directed,2407,,,1,6
MOSSADOR,HIZDAHR,Directed,2408,,,1,7
MOSSADOR,MEEREEN_SLAVE,Directed,2409,,,1,3
HIZDAHR,HIZDAHRS_FATHER,Directed,2410,,,1,7
HIZDAHR,MANSERVANT,Directed,2411,,,1,5
HIZDAHR,OWNER,Directed,2412,,,1,2
HIZDAHR,QUICK,Directed,2413,,,1,2
HIZDAHR,STRONG,Directed,2414,,,1,2
BELICHO,RAZDAL,Directed,2415,,,1,6
BELICHO,YEZZAN,Directed,2416,,,1,5
RAZDAL,YEZZAN,Directed,2417,,,1,7
BENJEN,MEERA,Directed,2418,,,1,12
BENJEN,LYANNA,Directed,2419,,,1,8
BENJEN,HODOR,Directed,2420,,,1,3
BENJEN,RODRIK,Directed,2421,,,1,2
MEERA,CRASTERS_BABY,Directed,2422,,,1,3
MEERA,FARMER,Directed,2423,,,1,2
MEERA,GILLY,Directed,2424,,,1,8
MEERA,HODOR,Directed,2425,,,1,39
MEERA,JOJEN,Directed,2426,,,1,44
MEERA,KARL_TANNER,Directed,2427,,,1,17
MEERA,LEAF,Directed,2428,,,1,13
MEERA,OSHA,Directed,2429,,,1,34
MEERA,ORELL,Directed,2430,,,1,3
MEERA,OLD_NAN,Directed,2431,,,1,2
LYANNA,HODOR,Directed,2432,,,1,4
HODOR,CRASTERS_BABY,Directed,2433,,,1,2
HODOR,DAGMER,Directed,2434,,,1,2
HODOR,FARMER,Directed,2435,,,1,2
HODOR,GILLY,Directed,2436,,,1,3
HODOR,OSHA,Directed,2437,,,1,14
HODOR,MAESTER_LUWIN,Directed,2438,,,1,9
HODOR,JOJEN,Directed,2439,,,1,21
HODOR,ORELL,Directed,2440,,,1,3
HODOR,LEAF,Directed,2441,,,1,9
HODOR,OLD_NAN,Directed,2442,,,1,2
RODRIK,BLACK_LORREN,Directed,2443,,,1,3
RODRIK,DAGMER,Directed,2444,,,1,3
RODRIK,GREATJON_UMBER,Directed,2445,,,1,7
RODRIK,MAESTER_LUWIN,Directed,2446,,,1,5
RODRIK,MARILLION,Directed,2447,,,1,5
RODRIK,MORD,Directed,2448,,,1,2
LEM,FLYNN,Directed,2449,,,1,2
LEM,RAY,Directed,2450,,,1,11
LEM,MORGAN,Directed,2451,,,1,2
GILLY,DERRYK,Directed,2452,,,1,5
GILLY,DICKON,Directed,2453,,,1,4
GILLY,JOJEN,Directed,2454,,,1,4
GILLY,RANDYLL,Directed,2455,,,1,8
GILLY,MOLES_TOWN_WHORE,Directed,2456,,,1,24
GILLY,LITTLE_SAM,Directed,2457,,,1,9
GILLY,STYR,Directed,2458,,,1,4
GILLY,MOLES_TOWN_MADAM,Directed,2459,,,1,2
GILLY,MELESSA,Directed,2460,,,1,15
GILLY,TALLA,Directed,2461,,,1,8
GILLY,MAESTER_CITADEL,Directed,2462,,,1,4
GILLY,TEELA,Directed,2463,,,1,2
MARGAERY,COLEN,Directed,2464,,,1,2
MARGAERY,HIGH_SPARROW,Directed,2465,,,1,76
MARGAERY,LORAS,Directed,2466,,,1,33
MARGAERY,TOMMEN,Directed,2467,,,1,36
MARGAERY,OBERYN,Directed,2468,,,1,5
MARGAERY,OLYVAR,Directed,2469,,,1,7
MARGAERY,SEPTA_UNELLA,Directed,2470,,,1,21
BLACK_JACK,KEGS,Directed,2471,,,1,4
BLACK_JACK,MULLY,Directed,2472,,,1,4
KEGS,MULLY,Directed,2473,,,1,4
BLACK_LORREN,DAGMER,Directed,2474,,,1,7
BLACK_LORREN,MAESTER_LUWIN,Directed,2475,,,1,2
BLACK_LORREN,OSHA,Directed,2476,,,1,2
DAGMER,FARLEN,Directed,2477,,,1,2
DAGMER,MAESTER_LUWIN,Directed,2478,,,1,5
DAGMER,OSHA,Directed,2479,,,1,3
MAESTER_LUWIN,OSHA,Directed,2480,,,1,14
MAESTER_LUWIN,PORTAN,Directed,2481,,,1,3
MAESTER_LUWIN,WINTERFELL_SHEPHERD,Directed,2482,,,1,3
OSHA,FARMER,Directed,2483,,,1,2
OSHA,JOJEN,Directed,2484,,,1,28
OSHA,ORELL,Directed,2485,,,1,3
OSHA,SMALLJON,Directed,2486,,,1,2
BLACK_WALDER,LOTHAR,Directed,2487,,,1,15
BLACK_WALDER,BRYNDEN,Directed,2488,,,1,5
BLACK_WALDER,JOYEUSE,Directed,2489,,,1,2
LOTHAR,BRYNDEN,Directed,2490,,,1,4
LOTHAR,ROSLIN,Directed,2491,,,1,2
BRYNDEN,HOSTER,Directed,2492,,,1,2
BRYNDEN,ROSLIN,Directed,2493,,,1,2
BRYNDEN,GUARD_CAPTAIN,Directed,2494,,,1,6
BRYNDEN,MINISA,Directed,2495,,,1,2
JOYEUSE,ROSLIN,Directed,2496,,,1,2
BOLTON_GUARD,FIRST_MATE,Directed,2497,,,1,3
BORCAS,DAREON,Directed,2498,,,1,2
DAREON,LUKE,Directed,2499,,,1,2
DAREON,HOBB,Directed,2500,,,1,2
BRANDON_STARK,JOJEN,Directed,2501,,,1,3
WILL,GARED,Directed,2502,,,1,4
WILL,ROYCE,Directed,2503,,,1,4
WILL,WAYMAR_ROYCE,Directed,2504,,,1,4
JOJEN,CRASTERS_BABY,Directed,2505,,,1,2
JOJEN,FARMER,Directed,2506,,,1,3
JOJEN,ORELL,Directed,2507,,,1,3
JOJEN,KARL_TANNER,Directed,2508,,,1,14
JOJEN,LEAF,Directed,2509,,,1,3
ORELL,FARMER,Directed,2510,,,1,4
KARL_TANNER,CRASTERS_BABY,Directed,2511,,,1,2
KARL_TANNER,SISSY,Directed,2512,,,1,10
CRASTERS_BABY,SISSY,Directed,2513,,,1,4
CRASTERS_BABY,WHITE_WALKER,Directed,2514,,,1,2
BRAND,DERRYK,Directed,2515,,,1,11
COLEN,LORAS,Directed,2516,,,1,2
LORAS,HIGH_SPARROW,Directed,2517,,,1,22
LORAS,TOMMEN,Directed,2518,,,1,7
LORAS,OLYVAR,Directed,2519,,,1,15
LORAS,SHAE,Directed,2520,,,1,2
LORAS,OBERYN,Directed,2521,,,1,4
MORD,VARDIS_EGEN,Directed,2522,,,1,3
SHAE,MAREI,Directed,2523,,,1,2
SHAE,OBERYN,Directed,2524,,,1,7
SHAE,ROS,Directed,2525,,,1,12
SHAE,TOMMEN,Directed,2526,,,1,3
OBERYN,DORNISH_LORD,Directed,2527,,,1,2
OBERYN,ELIA,Directed,2528,,,1,14
OBERYN,MAREI,Directed,2529,,,1,7
OBERYN,MORGAN,Directed,2530,,,1,18
OBERYN,MORGANS_FRIEND,Directed,2531,,,1,8
OBERYN,OLYVAR,Directed,2532,,,1,21
OBERYN,TOMMEN,Directed,2533,,,1,6
MORGAN,FLYNN,Directed,2534,,,1,2
MORGAN,MAREI,Directed,2535,,,1,2
MORGAN,MORGANS_FRIEND,Directed,2536,,,1,10
MORGAN,OLYVAR,Directed,2537,,,1,6
MORGAN,RAY,Directed,2538,,,1,2
LOLLYS,TANDA,Directed,2539,,,1,2
DICKON,RANDYLL,Directed,2540,,,1,2
DICKON,MELESSA,Directed,2541,,,1,2
DICKON,TALLA,Directed,2542,,,1,2
RANDYLL,LITTLE_SAM,Directed,2543,,,1,2
RANDYLL,MELESSA,Directed,2544,,,1,11
RANDYLL,TALLA,Directed,2545,,,1,5
CRAYAH,DIRAH,Directed,2546,,,1,12
CRAYAH,MAREI,Directed,2547,,,1,3
CRAYAH,WILLIAM,Directed,2548,,,1,2
DIRAH,MAREI,Directed,2549,,,1,3
MAREI,OLYVAR,Directed,2550,,,1,6
HOSTER,JON_ARRYN,Directed,2551,,,1,2
ROSLIN,FREY_SEPTON,Directed,2552,,,1,2
GREATJON_UMBER,GALBART_GLOVER,Directed,2553,,,1,2
JON_ARRYN,HUGH_OF_THE_VALE,Directed,2554,,,1,2
ROS,DAISY,Directed,2555,,,1,17
MATTHOS,CRESSEN,Directed,2556,,,1,2
MATTHOS,SALLADHOR,Directed,2557,,,1,14
SALLADHOR,LHARA,Directed,2558,,,1,5
TOMMEN,HIGH_SPARROW,Directed,2559,,,1,49
TOMMEN,OLYVAR,Directed,2560,,,1,2
HIGH_SPARROW,OLYVAR,Directed,2561,,,1,9
HIGH_SPARROW,SEPTA_UNELLA,Directed,2562,,,1,10
MAGGY,MELARA,Directed,2563,,,1,2
COHOLLO,DROGO,Directed,2564,,,1,3
DROGO,DOREAH,Directed,2565,,,1,3
DROGO,IRRI,Directed,2566,,,1,2
DROGO,MAGO,Directed,2567,,,1,10
DROGO,MIRRI_MAZ_DUUR,Directed,2568,,,1,9
DROGO,QOTHO,Directed,2569,,,1,6
DROGO,RAKHARO,Directed,2570,,,1,5
DROGO,RHAEGO,Directed,2571,,,1,3
DROGO,VISERYS,Directed,2572,,,1,27
DROGO,KHAL_MORO,Directed,2573,,,1,5
COOPER,DONNEL_HILL,Directed,2574,,,1,3
DONNEL_HILL,MAG_THE_MIGHTY,Directed,2575,,,1,2
MORAG,SISSY,Directed,2576,,,1,4
MERO,PRENDAHL,Directed,2577,,,1,13
QUICK,STRONG,Directed,2578,,,1,4
LHAZAREEN_WOMAN,DOSH_KHALEEN_LEADER,Directed,2579,,,1,8
DOREAH,IROGENIA,Directed,2580,,,1,2
DOREAH,IRRI,Directed,2581,,,1,4
DOREAH,JHIQUI,Directed,2582,,,1,2
DOREAH,VISERYS,Directed,2583,,,1,30
DOREAH,WINE_MERCHANT,Directed,2584,,,1,3
DOREAH,KOVARRO,Directed,2585,,,1,4
DOREAH,XARO,Directed,2586,,,1,13
IRRI,JHIQUI,Directed,2587,,,1,3
IRRI,RAKHARO,Directed,2588,,,1,11
IRRI,VISERYS,Directed,2589,,,1,3
IRRI,KOVARRO,Directed,2590,,,1,3
IRRI,XARO,Directed,2591,,,1,3
MIRRI_MAZ_DUUR,QOTHO,Directed,2592,,,1,15
MIRRI_MAZ_DUUR,RAKHARO,Directed,2593,,,1,4
QOTHO,RAKHARO,Directed,2594,,,1,3
RAKHARO,VISERYS,Directed,2595,,,1,3
RAKHARO,WINE_MERCHANT,Directed,2596,,,1,3
RHAEGO,VISERYS,Directed,2597,,,1,2
KOVARRO,MALAKKO,Directed,2598,,,1,3
KOVARRO,PYATT_PREE,Directed,2599,,,1,3
KOVARRO,SPICE_KING,Directed,2600,,,1,2
KOVARRO,XARO,Directed,2601,,,1,10
MALAKKO,XARO,Directed,2602,,,1,3
PYATT_PREE,SPICE_KING,Directed,2603,,,1,3
PYATT_PREE,XARO,Directed,2604,,,1,9
QUAITHE,XARO,Directed,2605,,,1,2
SILK_KING,SPICE_KING,Directed,2606,,,1,2
SPICE_KING,XARO,Directed,2607,,,1,20
FENNESZ,MASTER_MIGHDAL,Directed,2608,,,1,5
VALA,DOM,Directed,2609,,,1,3
SMALLJON,HARALD,Directed,2610,,,1,3
GLOVER,MANDERLY,Directed,2611,,,1,4
DESMOND,ELDRICK,Directed,2612,,,1,2
MELESSA,LITTLE_SAM,Directed,2613,,,1,5
MELESSA,TALLA,Directed,2614,,,1,12
TALLA,LITTLE_SAM,Directed,2615,,,1,3
DONGO_THE_GIANT,MAG_THE_MIGHTY,Directed,2616,,,1,7
LITTLE_SAM,MOLES_TOWN_WHORE,Directed,2617,,,1,4
LITTLE_SAM,MOLES_TOWN_MADAM,Directed,2618,,,1,2
ELDER_MEEREEN_SLAVE,MEEREEN_SLAVE,Directed,2619,,,1,4
FLYNN,RAY,Directed,2620,,,1,2
GALBART_GLOVER,JONOS_BRACKEN,Directed,2621,,,1,2
GARED,ROYCE,Directed,2622,,,1,5
MOLES_TOWN_WHORE,MOLES_TOWN_MADAM,Directed,2623,,,1,3
STYR,GUYMON,Directed,2624,,,1,2
STYR,OLLYS_MOTHER,Directed,2625,,,1,2
STYR,THENN_WARG,Directed,2626,,,1,4
GUYMON,OLLYS_MOTHER,Directed,2627,,,1,3
SARRA,WILLA,Directed,2628,,,1,2
KARSI,LOBODA,Directed,2629,,,1,8
MYRANDA,VIOLET,Directed,2630,,,1,22
MYRANDA,TANSY,Directed,2631,,,1,6
MYRANDA,WALDA,Directed,2632,,,1,6
WALDA,SON_OFWALDA,Directed,2633,,,1,10
LUTHOR,VIOLA,Directed,2634,,,1,2
MARTYN,WILLEM_LANNISTER,Directed,2635,,,1,5
ORYS,ORYS_BROTHER,Directed,2636,,,1,2
